date,week,store_id,store_name,day_of_week,cold_brew_orders,units_sold,cold_brew_revenue
2026-04-13,1,CG01,Washington Square,Monday,19,22,110
2026-04-13,1,CG02,Midtown,Monday,15,20,100
2026-04-13,1,CG03,Union Square,Monday,12,15,75
2026-04-13,1,CG04,Brooklyn Heights,Monday,6,9,45
2026-04-14,1,CG01,Washington Square,Tuesday,20,22,110
2026-04-14,1,CG02,Midtown,Tuesday,20,24,120
2026-04-14,1,CG03,Union Square,Tuesday,11,14,70
2026-04-14,1,CG04,Brooklyn Heights,Tuesday,7,9,45
2026-04-15,1,CG01,Washington Square,Wednesday,17,20,100
2026-04-15,1,CG02,Midtown,Wednesday,15,21,105
2026-04-15,1,CG03,Union Square,Wednesday,14,16,80
2026-04-15,1,CG04,Brooklyn Heights,Wednesday,8,10,50
2026-04-16,1,CG01,Washington Square,Thursday,17,20,100
2026-04-16,1,CG02,Midtown,Thursday,16,19,95
2026-04-16,1,CG03,Union Square,Thursday,13,14,70
2026-04-16,1,CG04,Brooklyn Heights,Thursday,7,10,50
2026-04-17,1,CG01,Washington Square,Friday,13,15,75
2026-04-17,1,CG02,Midtown,Friday,13,16,80
2026-04-17,1,CG03,Union Square,Friday,14,15,75
2026-04-17,1,CG04,Brooklyn Heights,Friday,12,14,70
2026-04-18,1,CG01,Washington Square,Saturday,12,13,65
2026-04-18,1,CG02,Midtown,Saturday,5,7,35
2026-04-18,1,CG03,Union Square,Saturday,13,15,75
2026-04-18,1,CG04,Brooklyn Heights,Saturday,12,14,70
2026-04-19,1,CG01,Washington Square,Sunday,9,10,50
2026-04-19,1,CG02,Midtown,Sunday,5,7,35
2026-04-19,1,CG03,Union Square,Sunday,11,13,65
2026-04-19,1,CG04,Brooklyn Heights,Sunday,13,16,80
2026-04-20,2,CG01,Washington Square,Monday,18,21,105
2026-04-20,2,CG02,Midtown,Monday,18,23,115
2026-04-20,2,CG03,Union Square,Monday,12,14,70
2026-04-20,2,CG04,Brooklyn Heights,Monday,9,11,55
2026-04-21,2,CG01,Washington Square,Tuesday,21,25,125
2026-04-21,2,CG02,Midtown,Tuesday,17,22,110
2026-04-21,2,CG03,Union Square,Tuesday,10,14,70
2026-04-21,2,CG04,Brooklyn Heights,Tuesday,7,10,50
2026-04-22,2,CG01,Washington Square,Wednesday,16,19,95
2026-04-22,2,CG02,Midtown,Wednesday,21,25,125
2026-04-22,2,CG03,Union Square,Wednesday,11,14,70
2026-04-22,2,CG04,Brooklyn Heights,Wednesday,10,12,60
2026-04-23,2,CG01,Washington Square,Thursday,19,23,115
2026-04-23,2,CG02,Midtown,Thursday,17,21,105
2026-04-23,2,CG03,Union Square,Thursday,11,12,60
2026-04-23,2,CG04,Brooklyn Heights,Thursday,9,12,60
2026-04-24,2,CG01,Washington Square,Friday,12,15,75
2026-04-24,2,CG02,Midtown,Friday,19,21,105
2026-04-24,2,CG03,Union Square,Friday,14,17,85
2026-04-24,2,CG04,Brooklyn Heights,Friday,6,9,45
2026-04-25,2,CG01,Washington Square,Saturday,12,12,60
2026-04-25,2,CG02,Midtown,Saturday,6,9,45
2026-04-25,2,CG03,Union Square,Saturday,13,17,85
2026-04-25,2,CG04,Brooklyn Heights,Saturday,9,12,60
2026-04-26,2,CG01,Washington Square,Sunday,8,10,50
2026-04-26,2,CG02,Midtown,Sunday,6,7,35
2026-04-26,2,CG03,Union Square,Sunday,12,15,75
2026-04-26,2,CG04,Brooklyn Heights,Sunday,11,16,80
2026-04-27,3,CG01,Washington Square,Monday,13,17,85
2026-04-27,3,CG02,Midtown,Monday,15,22,110
2026-04-27,3,CG03,Union Square,Monday,10,12,60
2026-04-27,3,CG04,Brooklyn Heights,Monday,6,7,35
2026-04-28,3,CG01,Washington Square,Tuesday,22,23,115
2026-04-28,3,CG02,Midtown,Tuesday,15,18,90
2026-04-28,3,CG03,Union Square,Tuesday,12,16,80
2026-04-28,3,CG04,Brooklyn Heights,Tuesday,8,9,45
2026-04-29,3,CG01,Washington Square,Wednesday,18,19,95
2026-04-29,3,CG02,Midtown,Wednesday,13,18,90
2026-04-29,3,CG03,Union Square,Wednesday,9,12,60
2026-04-29,3,CG04,Brooklyn Heights,Wednesday,7,11,55
2026-04-30,3,CG01,Washington Square,Thursday,14,17,85
2026-04-30,3,CG02,Midtown,Thursday,16,23,115
2026-04-30,3,CG03,Union Square,Thursday,11,15,75
2026-04-30,3,CG04,Brooklyn Heights,Thursday,9,11,55
2026-05-01,3,CG01,Washington Square,Friday,14,19,95
2026-05-01,3,CG02,Midtown,Friday,13,17,85
2026-05-01,3,CG03,Union Square,Friday,11,13,65
2026-05-01,3,CG04,Brooklyn Heights,Friday,8,10,50
2026-05-02,3,CG01,Washington Square,Saturday,12,12,60
2026-05-02,3,CG02,Midtown,Saturday,6,6,30
2026-05-02,3,CG03,Union Square,Saturday,13,14,70
2026-05-02,3,CG04,Brooklyn Heights,Saturday,12,17,85
2026-05-03,3,CG01,Washington Square,Sunday,11,11,55
2026-05-03,3,CG02,Midtown,Sunday,8,8,40
2026-05-03,3,CG03,Union Square,Sunday,11,12,60
2026-05-03,3,CG04,Brooklyn Heights,Sunday,11,16,80
2026-05-04,4,CG01,Washington Square,Monday,21,24,120
2026-05-04,4,CG02,Midtown,Monday,17,27,135
2026-05-04,4,CG03,Union Square,Monday,14,17,85
2026-05-04,4,CG04,Brooklyn Heights,Monday,8,10,50
2026-05-05,4,CG01,Washington Square,Tuesday,22,25,125
2026-05-05,4,CG02,Midtown,Tuesday,18,24,120
2026-05-05,4,CG03,Union Square,Tuesday,14,15,75
2026-05-05,4,CG04,Brooklyn Heights,Tuesday,5,9,45
2026-05-06,4,CG01,Washington Square,Wednesday,17,18,90
2026-05-06,4,CG02,Midtown,Wednesday,20,25,125
2026-05-06,4,CG03,Union Square,Wednesday,15,16,80
2026-05-06,4,CG04,Brooklyn Heights,Wednesday,8,12,60
2026-05-07,4,CG01,Washington Square,Thursday,14,17,85
2026-05-07,4,CG02,Midtown,Thursday,18,20,100
2026-05-07,4,CG03,Union Square,Thursday,13,18,90
2026-05-07,4,CG04,Brooklyn Heights,Thursday,10,11,55
2026-05-08,4,CG01,Washington Square,Friday,14,17,85
2026-05-08,4,CG02,Midtown,Friday,17,20,100
2026-05-08,4,CG03,Union Square,Friday,14,14,70
2026-05-08,4,CG04,Brooklyn Heights,Friday,9,14,70
2026-05-09,4,CG01,Washington Square,Saturday,12,13,65
2026-05-09,4,CG02,Midtown,Saturday,5,7,35
2026-05-09,4,CG03,Union Square,Saturday,14,18,90
2026-05-09,4,CG04,Brooklyn Heights,Saturday,10,15,75
2026-05-10,4,CG01,Washington Square,Sunday,7,11,55
2026-05-10,4,CG02,Midtown,Sunday,7,8,40
2026-05-10,4,CG03,Union Square,Sunday,10,14,70
2026-05-10,4,CG04,Brooklyn Heights,Sunday,10,13,65
2026-05-11,5,CG01,Washington Square,Monday,17,19,95
2026-05-11,5,CG02,Midtown,Monday,18,21,105
2026-05-11,5,CG03,Union Square,Monday,11,11,55
2026-05-11,5,CG04,Brooklyn Heights,Monday,7,9,45
2026-05-12,5,CG01,Washington Square,Tuesday,21,22,110
2026-05-12,5,CG02,Midtown,Tuesday,15,24,120
2026-05-12,5,CG03,Union Square,Tuesday,13,16,80
2026-05-12,5,CG04,Brooklyn Heights,Tuesday,8,11,55
2026-05-13,5,CG01,Washington Square,Wednesday,22,23,115
2026-05-13,5,CG02,Midtown,Wednesday,18,22,110
2026-05-13,5,CG03,Union Square,Wednesday,11,12,60
2026-05-13,5,CG04,Brooklyn Heights,Wednesday,8,11,55
2026-05-14,5,CG01,Washington Square,Thursday,17,18,90
2026-05-14,5,CG02,Midtown,Thursday,15,17,85
2026-05-14,5,CG03,Union Square,Thursday,15,16,80
2026-05-14,5,CG04,Brooklyn Heights,Thursday,5,8,40
2026-05-15,5,CG01,Washington Square,Friday,17,18,90
2026-05-15,5,CG02,Midtown,Friday,15,20,100
2026-05-15,5,CG03,Union Square,Friday,12,16,80
2026-05-15,5,CG04,Brooklyn Heights,Friday,7,9,45
2026-05-16,5,CG01,Washington Square,Saturday,12,14,70
2026-05-16,5,CG02,Midtown,Saturday,4,7,35
2026-05-16,5,CG03,Union Square,Saturday,16,18,90
2026-05-16,5,CG04,Brooklyn Heights,Saturday,11,18,90
2026-05-17,5,CG01,Washington Square,Sunday,10,12,60
2026-05-17,5,CG02,Midtown,Sunday,5,7,35
2026-05-17,5,CG03,Union Square,Sunday,12,15,75
2026-05-17,5,CG04,Brooklyn Heights,Sunday,9,12,60
2026-05-18,6,CG01,Washington Square,Monday,14,17,85
2026-05-18,6,CG02,Midtown,Monday,16,20,100
2026-05-18,6,CG03,Union Square,Monday,10,13,65
2026-05-18,6,CG04,Brooklyn Heights,Monday,7,10,50
2026-05-19,6,CG01,Washington Square,Tuesday,22,24,120
2026-05-19,6,CG02,Midtown,Tuesday,21,27,135
2026-05-19,6,CG03,Union Square,Tuesday,15,17,85
2026-05-19,6,CG04,Brooklyn Heights,Tuesday,9,13,65
2026-05-20,6,CG01,Washington Square,Wednesday,18,20,100
2026-05-20,6,CG02,Midtown,Wednesday,17,21,105
2026-05-20,6,CG03,Union Square,Wednesday,12,14,70
2026-05-20,6,CG04,Brooklyn Heights,Wednesday,9,10,50
2026-05-21,6,CG01,Washington Square,Thursday,16,20,100
2026-05-21,6,CG02,Midtown,Thursday,12,18,90
2026-05-21,6,CG03,Union Square,Thursday,10,15,75
2026-05-21,6,CG04,Brooklyn Heights,Thursday,7,11,55
2026-05-22,6,CG01,Washington Square,Friday,17,20,100
2026-05-22,6,CG02,Midtown,Friday,16,20,100
2026-05-22,6,CG03,Union Square,Friday,14,15,75
2026-05-22,6,CG04,Brooklyn Heights,Friday,9,10,50
2026-05-23,6,CG01,Washington Square,Saturday,12,16,80
2026-05-23,6,CG02,Midtown,Saturday,9,10,50
2026-05-23,6,CG03,Union Square,Saturday,17,18,90
2026-05-23,6,CG04,Brooklyn Heights,Saturday,11,13,65
2026-05-24,6,CG01,Washington Square,Sunday,9,11,55
2026-05-24,6,CG02,Midtown,Sunday,5,9,45
2026-05-24,6,CG03,Union Square,Sunday,10,15,75
2026-05-24,6,CG04,Brooklyn Heights,Sunday,12,14,70
2026-05-25,7,CG01,Washington Square,Monday,21,22,110
2026-05-25,7,CG02,Midtown,Monday,19,22,110
2026-05-25,7,CG03,Union Square,Monday,12,14,70
2026-05-25,7,CG04,Brooklyn Heights,Monday,7,9,45
2026-05-26,7,CG01,Washington Square,Tuesday,15,16,80
2026-05-26,7,CG02,Midtown,Tuesday,15,20,100
2026-05-26,7,CG03,Union Square,Tuesday,14,16,80
2026-05-26,7,CG04,Brooklyn Heights,Tuesday,9,11,55
2026-05-27,7,CG01,Washington Square,Wednesday,19,19,95
2026-05-27,7,CG02,Midtown,Wednesday,13,19,95
2026-05-27,7,CG03,Union Square,Wednesday,11,17,85
2026-05-27,7,CG04,Brooklyn Heights,Wednesday,6,9,45
2026-05-28,7,CG01,Washington Square,Thursday,19,22,110
2026-05-28,7,CG02,Midtown,Thursday,19,24,120
2026-05-28,7,CG03,Union Square,Thursday,10,13,65
2026-05-28,7,CG04,Brooklyn Heights,Thursday,7,10,50
2026-05-29,7,CG01,Washington Square,Friday,16,18,90
2026-05-29,7,CG02,Midtown,Friday,15,18,90
2026-05-29,7,CG03,Union Square,Friday,16,16,80
2026-05-29,7,CG04,Brooklyn Heights,Friday,6,10,50
2026-05-30,7,CG01,Washington Square,Saturday,13,15,75
2026-05-30,7,CG02,Midtown,Saturday,6,7,35
2026-05-30,7,CG03,Union Square,Saturday,11,17,85
2026-05-30,7,CG04,Brooklyn Heights,Saturday,9,14,70
2026-05-31,7,CG01,Washington Square,Sunday,9,11,55
2026-05-31,7,CG02,Midtown,Sunday,4,6,30
2026-05-31,7,CG03,Union Square,Sunday,10,12,60
2026-05-31,7,CG04,Brooklyn Heights,Sunday,8,11,55
2026-06-01,8,CG01,Washington Square,Monday,22,22,110
2026-06-01,8,CG02,Midtown,Monday,17,21,105
2026-06-01,8,CG03,Union Square,Monday,14,16,80
2026-06-01,8,CG04,Brooklyn Heights,Monday,7,9,45
2026-06-02,8,CG01,Washington Square,Tuesday,20,22,110
2026-06-02,8,CG02,Midtown,Tuesday,19,27,135
2026-06-02,8,CG03,Union Square,Tuesday,12,16,80
2026-06-02,8,CG04,Brooklyn Heights,Tuesday,7,9,45
2026-06-03,8,CG01,Washington Square,Wednesday,18,20,100
2026-06-03,8,CG02,Midtown,Wednesday,13,18,90
2026-06-03,8,CG03,Union Square,Wednesday,15,18,90
2026-06-03,8,CG04,Brooklyn Heights,Wednesday,11,12,60
2026-06-04,8,CG01,Washington Square,Thursday,21,24,120
2026-06-04,8,CG02,Midtown,Thursday,20,25,125
2026-06-04,8,CG03,Union Square,Thursday,17,18,90
2026-06-04,8,CG04,Brooklyn Heights,Thursday,5,8,40
2026-06-05,8,CG01,Washington Square,Friday,21,22,110
2026-06-05,8,CG02,Midtown,Friday,17,22,110
2026-06-05,8,CG03,Union Square,Friday,11,18,90
2026-06-05,8,CG04,Brooklyn Heights,Friday,9,13,65
2026-06-06,8,CG01,Washington Square,Saturday,9,11,55
2026-06-06,8,CG02,Midtown,Saturday,6,10,50
2026-06-06,8,CG03,Union Square,Saturday,10,14,70
2026-06-06,8,CG04,Brooklyn Heights,Saturday,10,16,80
2026-06-07,8,CG01,Washington Square,Sunday,12,14,70
2026-06-07,8,CG02,Midtown,Sunday,6,7,35
2026-06-07,8,CG03,Union Square,Sunday,9,11,55
2026-06-07,8,CG04,Brooklyn Heights,Sunday,11,17,85
2026-06-08,9,CG01,Washington Square,Monday,14,16,80
2026-06-08,9,CG02,Midtown,Monday,20,24,120
2026-06-08,9,CG03,Union Square,Monday,10,13,65
2026-06-08,9,CG04,Brooklyn Heights,Monday,7,8,40
2026-06-09,9,CG01,Washington Square,Tuesday,21,23,115
2026-06-09,9,CG02,Midtown,Tuesday,19,24,120
2026-06-09,9,CG03,Union Square,Tuesday,13,14,70
2026-06-09,9,CG04,Brooklyn Heights,Tuesday,8,9,45
2026-06-10,9,CG01,Washington Square,Wednesday,20,22,110
2026-06-10,9,CG02,Midtown,Wednesday,15,18,90
2026-06-10,9,CG03,Union Square,Wednesday,10,15,75
2026-06-10,9,CG04,Brooklyn Heights,Wednesday,6,8,40
2026-06-11,9,CG01,Washington Square,Thursday,17,21,105
2026-06-11,9,CG02,Midtown,Thursday,22,25,125
2026-06-11,9,CG03,Union Square,Thursday,9,12,60
2026-06-11,9,CG04,Brooklyn Heights,Thursday,7,9,45
2026-06-12,9,CG01,Washington Square,Friday,18,20,100
2026-06-12,9,CG02,Midtown,Friday,17,21,105
2026-06-12,9,CG03,Union Square,Friday,13,17,85
2026-06-12,9,CG04,Brooklyn Heights,Friday,8,11,55
2026-06-13,9,CG01,Washington Square,Saturday,12,14,70
2026-06-13,9,CG02,Midtown,Saturday,8,9,45
2026-06-13,9,CG03,Union Square,Saturday,11,15,75
2026-06-13,9,CG04,Brooklyn Heights,Saturday,16,18,90
2026-06-14,9,CG01,Washington Square,Sunday,9,11,55
2026-06-14,9,CG02,Midtown,Sunday,5,6,30
2026-06-14,9,CG03,Union Square,Sunday,14,14,70
2026-06-14,9,CG04,Brooklyn Heights,Sunday,12,15,75
2026-06-15,10,CG01,Washington Square,Monday,16,20,100
2026-06-15,10,CG02,Midtown,Monday,19,22,110
2026-06-15,10,CG03,Union Square,Monday,13,13,65
2026-06-15,10,CG04,Brooklyn Heights,Monday,7,8,40
2026-06-16,10,CG01,Washington Square,Tuesday,21,22,110
2026-06-16,10,CG02,Midtown,Tuesday,19,25,125
2026-06-16,10,CG03,Union Square,Tuesday,12,16,80
2026-06-16,10,CG04,Brooklyn Heights,Tuesday,8,11,55
2026-06-17,10,CG01,Washington Square,Wednesday,17,20,100
2026-06-17,10,CG02,Midtown,Wednesday,23,27,135
2026-06-17,10,CG03,Union Square,Wednesday,13,16,80
2026-06-17,10,CG04,Brooklyn Heights,Wednesday,8,8,40
2026-06-18,10,CG01,Washington Square,Thursday,20,21,105
2026-06-18,10,CG02,Midtown,Thursday,15,20,100
2026-06-18,10,CG03,Union Square,Thursday,12,17,85
2026-06-18,10,CG04,Brooklyn Heights,Thursday,10,13,65
2026-06-19,10,CG01,Washington Square,Friday,15,19,95
2026-06-19,10,CG02,Midtown,Friday,11,18,90
2026-06-19,10,CG03,Union Square,Friday,12,18,90
2026-06-19,10,CG04,Brooklyn Heights,Friday,6,11,55
2026-06-20,10,CG01,Washington Square,Saturday,14,14,70
2026-06-20,10,CG02,Midtown,Saturday,7,7,35
2026-06-20,10,CG03,Union Square,Saturday,12,17,85
2026-06-20,10,CG04,Brooklyn Heights,Saturday,12,15,75
2026-06-21,10,CG01,Washington Square,Sunday,10,11,55
2026-06-21,10,CG02,Midtown,Sunday,6,8,40
2026-06-21,10,CG03,Union Square,Sunday,13,14,70
2026-06-21,10,CG04,Brooklyn Heights,Sunday,10,15,75
2026-06-22,11,CG01,Washington Square,Monday,19,22,110
2026-06-22,11,CG02,Midtown,Monday,20,23,115
2026-06-22,11,CG03,Union Square,Monday,14,15,75
2026-06-22,11,CG04,Brooklyn Heights,Monday,6,9,45
2026-06-23,11,CG01,Washington Square,Tuesday,16,21,105
2026-06-23,11,CG02,Midtown,Tuesday,15,24,120
2026-06-23,11,CG03,Union Square,Tuesday,15,16,80
2026-06-23,11,CG04,Brooklyn Heights,Tuesday,10,10,50
2026-06-24,11,CG01,Washington Square,Wednesday,14,18,90
2026-06-24,11,CG02,Midtown,Wednesday,14,18,90
2026-06-24,11,CG03,Union Square,Wednesday,10,14,70
2026-06-24,11,CG04,Brooklyn Heights,Wednesday,8,10,50
2026-06-25,11,CG01,Washington Square,Thursday,14,19,95
2026-06-25,11,CG02,Midtown,Thursday,18,21,105
2026-06-25,11,CG03,Union Square,Thursday,14,17,85
2026-06-25,11,CG04,Brooklyn Heights,Thursday,6,8,40
2026-06-26,11,CG01,Washington Square,Friday,11,14,70
2026-06-26,11,CG02,Midtown,Friday,13,14,70
2026-06-26,11,CG03,Union Square,Friday,14,17,85
2026-06-26,11,CG04,Brooklyn Heights,Friday,8,11,55
2026-06-27,11,CG01,Washington Square,Saturday,10,12,60
2026-06-27,11,CG02,Midtown,Saturday,6,7,35
2026-06-27,11,CG03,Union Square,Saturday,13,17,85
2026-06-27,11,CG04,Brooklyn Heights,Saturday,10,13,65
2026-06-28,11,CG01,Washington Square,Sunday,9,10,50
2026-06-28,11,CG02,Midtown,Sunday,5,6,30
2026-06-28,11,CG03,Union Square,Sunday,9,11,55
2026-06-28,11,CG04,Brooklyn Heights,Sunday,9,13,65
2026-06-29,12,CG01,Washington Square,Monday,15,20,100
2026-06-29,12,CG02,Midtown,Monday,15,20,100
2026-06-29,12,CG03,Union Square,Monday,13,16,80
2026-06-29,12,CG04,Brooklyn Heights,Monday,6,8,40
2026-06-30,12,CG01,Washington Square,Tuesday,23,24,120
2026-06-30,12,CG02,Midtown,Tuesday,18,25,125
2026-06-30,12,CG03,Union Square,Tuesday,14,16,80
2026-06-30,12,CG04,Brooklyn Heights,Tuesday,10,12,60
2026-07-01,12,CG01,Washington Square,Wednesday,21,22,110
2026-07-01,12,CG02,Midtown,Wednesday,17,22,110
2026-07-01,12,CG03,Union Square,Wednesday,16,17,85
2026-07-01,12,CG04,Brooklyn Heights,Wednesday,8,9,45
2026-07-02,12,CG01,Washington Square,Thursday,21,24,120
2026-07-02,12,CG02,Midtown,Thursday,15,19,95
2026-07-02,12,CG03,Union Square,Thursday,14,17,85
2026-07-02,12,CG04,Brooklyn Heights,Thursday,8,12,60
2026-07-03,12,CG01,Washington Square,Friday,21,23,115
2026-07-03,12,CG02,Midtown,Friday,16,20,100
2026-07-03,12,CG03,Union Square,Friday,12,17,85
2026-07-03,12,CG04,Brooklyn Heights,Friday,8,13,65
2026-07-04,12,CG01,Washington Square,Saturday,9,11,55
2026-07-04,12,CG02,Midtown,Saturday,6,8,40
2026-07-04,12,CG03,Union Square,Saturday,16,20,100
2026-07-04,12,CG04,Brooklyn Heights,Saturday,12,14,70
2026-07-05,12,CG01,Washington Square,Sunday,9,10,50
2026-07-05,12,CG02,Midtown,Sunday,7,8,40
2026-07-05,12,CG03,Union Square,Sunday,12,15,75
2026-07-05,12,CG04,Brooklyn Heights,Sunday,9,13,65
2026-07-06,13,CG01,Washington Square,Monday,20,23,115
2026-07-06,13,CG02,Midtown,Monday,16,23,115
2026-07-06,13,CG03,Union Square,Monday,9,13,65
2026-07-06,13,CG04,Brooklyn Heights,Monday,7,9,45
2026-07-07,13,CG01,Washington Square,Tuesday,20,22,110
2026-07-07,13,CG02,Midtown,Tuesday,18,26,130
2026-07-07,13,CG03,Union Square,Tuesday,13,17,85
2026-07-07,13,CG04,Brooklyn Heights,Tuesday,8,9,45
2026-07-08,13,CG01,Washington Square,Wednesday,14,18,90
2026-07-08,13,CG02,Midtown,Wednesday,15,17,85
2026-07-08,13,CG03,Union Square,Wednesday,12,17,85
2026-07-08,13,CG04,Brooklyn Heights,Wednesday,6,9,45
2026-07-09,13,CG01,Washington Square,Thursday,19,21,105
2026-07-09,13,CG02,Midtown,Thursday,15,19,95
2026-07-09,13,CG03,Union Square,Thursday,9,13,65
2026-07-09,13,CG04,Brooklyn Heights,Thursday,6,11,55
2026-07-10,13,CG01,Washington Square,Friday,17,22,110
2026-07-10,13,CG02,Midtown,Friday,15,20,100
2026-07-10,13,CG03,Union Square,Friday,15,18,90
2026-07-10,13,CG04,Brooklyn Heights,Friday,9,12,60
2026-07-11,13,CG01,Washington Square,Saturday,13,15,75
2026-07-11,13,CG02,Midtown,Saturday,8,9,45
2026-07-11,13,CG03,Union Square,Saturday,12,18,90
2026-07-11,13,CG04,Brooklyn Heights,Saturday,10,14,70
2026-07-12,13,CG01,Washington Square,Sunday,12,13,65
2026-07-12,13,CG02,Midtown,Sunday,5,6,30
2026-07-12,13,CG03,Union Square,Sunday,9,11,55
2026-07-12,13,CG04,Brooklyn Heights,Sunday,8,12,60
2026-07-13,14,CG01,Washington Square,Monday,20,23,115
2026-07-13,14,CG02,Midtown,Monday,16,24,120
2026-07-13,14,CG03,Union Square,Monday,15,16,80
2026-07-13,14,CG04,Brooklyn Heights,Monday,8,10,50
2026-07-14,14,CG01,Washington Square,Tuesday,19,23,115
2026-07-14,14,CG02,Midtown,Tuesday,20,24,120
2026-07-14,14,CG03,Union Square,Tuesday,13,17,85
2026-07-14,14,CG04,Brooklyn Heights,Tuesday,6,9,45
2026-07-15,14,CG01,Washington Square,Wednesday,18,18,90
2026-07-15,14,CG02,Midtown,Wednesday,23,27,135
2026-07-15,14,CG03,Union Square,Wednesday,14,18,90
2026-07-15,14,CG04,Brooklyn Heights,Wednesday,7,9,45
2026-07-16,14,CG01,Washington Square,Thursday,18,20,100
2026-07-16,14,CG02,Midtown,Thursday,18,25,125
2026-07-16,14,CG03,Union Square,Thursday,15,18,90
2026-07-16,14,CG04,Brooklyn Heights,Thursday,9,11,55
2026-07-17,14,CG01,Washington Square,Friday,17,17,85
2026-07-17,14,CG02,Midtown,Friday,18,24,120
2026-07-17,14,CG03,Union Square,Friday,14,16,80
2026-07-17,14,CG04,Brooklyn Heights,Friday,13,15,75
2026-07-18,14,CG01,Washington Square,Saturday,13,14,70
2026-07-18,14,CG02,Midtown,Saturday,5,8,40
2026-07-18,14,CG03,Union Square,Saturday,17,20,100
2026-07-18,14,CG04,Brooklyn Heights,Saturday,12,18,90
2026-07-19,14,CG01,Washington Square,Sunday,11,11,55
2026-07-19,14,CG02,Midtown,Sunday,4,6,30
2026-07-19,14,CG03,Union Square,Sunday,11,13,65
2026-07-19,14,CG04,Brooklyn Heights,Sunday,11,14,70
2026-07-20,15,CG01,Washington Square,Monday,20,23,115
2026-07-20,15,CG02,Midtown,Monday,18,20,100
2026-07-20,15,CG03,Union Square,Monday,11,12,60
2026-07-20,15,CG04,Brooklyn Heights,Monday,7,9,45
2026-07-21,15,CG01,Washington Square,Tuesday,18,21,105
2026-07-21,15,CG02,Midtown,Tuesday,16,21,105
2026-07-21,15,CG03,Union Square,Tuesday,12,16,80
2026-07-21,15,CG04,Brooklyn Heights,Tuesday,7,9,45
2026-07-22,15,CG01,Washington Square,Wednesday,20,24,120
2026-07-22,15,CG02,Midtown,Wednesday,20,23,115
2026-07-22,15,CG03,Union Square,Wednesday,12,15,75
2026-07-22,15,CG04,Brooklyn Heights,Wednesday,8,10,50
2026-07-23,15,CG01,Washington Square,Thursday,15,17,85
2026-07-23,15,CG02,Midtown,Thursday,19,26,130
2026-07-23,15,CG03,Union Square,Thursday,14,16,80
2026-07-23,15,CG04,Brooklyn Heights,Thursday,11,12,60
2026-07-24,15,CG01,Washington Square,Friday,15,17,85
2026-07-24,15,CG02,Midtown,Friday,14,16,80
2026-07-24,15,CG03,Union Square,Friday,10,13,65
2026-07-24,15,CG04,Brooklyn Heights,Friday,11,14,70
2026-07-25,15,CG01,Washington Square,Saturday,14,16,80
2026-07-25,15,CG02,Midtown,Saturday,6,7,35
2026-07-25,15,CG03,Union Square,Saturday,12,14,70
2026-07-25,15,CG04,Brooklyn Heights,Saturday,8,13,65
2026-07-26,15,CG01,Washington Square,Sunday,10,12,60
2026-07-26,15,CG02,Midtown,Sunday,5,7,35
2026-07-26,15,CG03,Union Square,Sunday,12,14,70
2026-07-26,15,CG04,Brooklyn Heights,Sunday,8,12,60
2026-07-27,16,CG01,Washington Square,Monday,18,20,100
2026-07-27,16,CG02,Midtown,Monday,19,22,110
2026-07-27,16,CG03,Union Square,Monday,15,17,85
2026-07-27,16,CG04,Brooklyn Heights,Monday,10,11,55
2026-07-28,16,CG01,Washington Square,Tuesday,23,27,135
2026-07-28,16,CG02,Midtown,Tuesday,14,21,105
2026-07-28,16,CG03,Union Square,Tuesday,13,16,80
2026-07-28,16,CG04,Brooklyn Heights,Tuesday,8,10,50
2026-07-29,16,CG01,Washington Square,Wednesday,16,18,90
2026-07-29,16,CG02,Midtown,Wednesday,18,23,115
2026-07-29,16,CG03,Union Square,Wednesday,17,18,90
2026-07-29,16,CG04,Brooklyn Heights,Wednesday,8,10,50
2026-07-30,16,CG01,Washington Square,Thursday,17,19,95
2026-07-30,16,CG02,Midtown,Thursday,19,23,115
2026-07-30,16,CG03,Union Square,Thursday,12,13,65
2026-07-30,16,CG04,Brooklyn Heights,Thursday,7,11,55
2026-07-31,16,CG01,Washington Square,Friday,16,17,85
2026-07-31,16,CG02,Midtown,Friday,15,20,100
2026-07-31,16,CG03,Union Square,Friday,10,13,65
2026-07-31,16,CG04,Brooklyn Heights,Friday,10,15,75
2026-08-01,16,CG01,Washington Square,Saturday,16,16,80
2026-08-01,16,CG02,Midtown,Saturday,7,7,35
2026-08-01,16,CG03,Union Square,Saturday,14,18,90
2026-08-01,16,CG04,Brooklyn Heights,Saturday,14,19,95
2026-08-02,16,CG01,Washington Square,Sunday,10,11,55
2026-08-02,16,CG02,Midtown,Sunday,7,7,35
2026-08-02,16,CG03,Union Square,Sunday,8,11,55
2026-08-02,16,CG04,Brooklyn Heights,Sunday,16,19,95
2026-08-03,17,CG01,Washington Square,Monday,14,17,85
2026-08-03,17,CG02,Midtown,Monday,18,24,120
2026-08-03,17,CG03,Union Square,Monday,13,16,80
2026-08-03,17,CG04,Brooklyn Heights,Monday,8,11,55
2026-08-04,17,CG01,Washington Square,Tuesday,22,25,125
2026-08-04,17,CG02,Midtown,Tuesday,19,26,130
2026-08-04,17,CG03,Union Square,Tuesday,9,13,65
2026-08-04,17,CG04,Brooklyn Heights,Tuesday,9,11,55
2026-08-05,17,CG01,Washington Square,Wednesday,14,18,90
2026-08-05,17,CG02,Midtown,Wednesday,15,19,95
2026-08-05,17,CG03,Union Square,Wednesday,12,15,75
2026-08-05,17,CG04,Brooklyn Heights,Wednesday,5,10,50
2026-08-06,17,CG01,Washington Square,Thursday,14,17,85
2026-08-06,17,CG02,Midtown,Thursday,16,22,110
2026-08-06,17,CG03,Union Square,Thursday,14,17,85
2026-08-06,17,CG04,Brooklyn Heights,Thursday,8,11,55
2026-08-07,17,CG01,Washington Square,Friday,14,16,80
2026-08-07,17,CG02,Midtown,Friday,15,18,90
2026-08-07,17,CG03,Union Square,Friday,16,18,90
2026-08-07,17,CG04,Brooklyn Heights,Friday,9,13,65
2026-08-08,17,CG01,Washington Square,Saturday,9,11,55
2026-08-08,17,CG02,Midtown,Saturday,7,9,45
2026-08-08,17,CG03,Union Square,Saturday,16,16,80
2026-08-08,17,CG04,Brooklyn Heights,Saturday,13,17,85
2026-08-09,17,CG01,Washington Square,Sunday,12,13,65
2026-08-09,17,CG02,Midtown,Sunday,6,8,40
2026-08-09,17,CG03,Union Square,Sunday,9,14,70
2026-08-09,17,CG04,Brooklyn Heights,Sunday,10,15,75
2026-08-10,18,CG01,Washington Square,Monday,13,17,85
2026-08-10,18,CG02,Midtown,Monday,20,25,125
2026-08-10,18,CG03,Union Square,Monday,10,15,75
2026-08-10,18,CG04,Brooklyn Heights,Monday,6,8,40
2026-08-11,18,CG01,Washington Square,Tuesday,17,20,100
2026-08-11,18,CG02,Midtown,Tuesday,18,23,115
2026-08-11,18,CG03,Union Square,Tuesday,15,18,90
2026-08-11,18,CG04,Brooklyn Heights,Tuesday,6,10,50
2026-08-12,18,CG01,Washington Square,Wednesday,19,23,115
2026-08-12,18,CG02,Midtown,Wednesday,19,24,120
2026-08-12,18,CG03,Union Square,Wednesday,12,12,60
2026-08-12,18,CG04,Brooklyn Heights,Wednesday,10,11,55
2026-08-13,18,CG01,Washington Square,Thursday,22,22,110
2026-08-13,18,CG02,Midtown,Thursday,19,24,120
2026-08-13,18,CG03,Union Square,Thursday,16,17,85
2026-08-13,18,CG04,Brooklyn Heights,Thursday,6,11,55
2026-08-14,18,CG01,Washington Square,Friday,16,18,90
2026-08-14,18,CG02,Midtown,Friday,21,25,125
2026-08-14,18,CG03,Union Square,Friday,10,14,70
2026-08-14,18,CG04,Brooklyn Heights,Friday,10,14,70
2026-08-15,18,CG01,Washington Square,Saturday,14,15,75
2026-08-15,18,CG02,Midtown,Saturday,5,7,35
2026-08-15,18,CG03,Union Square,Saturday,15,19,95
2026-08-15,18,CG04,Brooklyn Heights,Saturday,15,17,85
2026-08-16,18,CG01,Washington Square,Sunday,10,11,55
2026-08-16,18,CG02,Midtown,Sunday,8,8,40
2026-08-16,18,CG03,Union Square,Sunday,14,16,80
2026-08-16,18,CG04,Brooklyn Heights,Sunday,15,18,90
2026-08-17,19,CG01,Washington Square,Monday,14,19,95
2026-08-17,19,CG02,Midtown,Monday,22,28,140
2026-08-17,19,CG03,Union Square,Monday,14,15,75
2026-08-17,19,CG04,Brooklyn Heights,Monday,9,10,50
2026-08-18,19,CG01,Washington Square,Tuesday,18,20,100
2026-08-18,19,CG02,Midtown,Tuesday,22,24,120
2026-08-18,19,CG03,Union Square,Tuesday,13,15,75
2026-08-18,19,CG04,Brooklyn Heights,Tuesday,10,11,55
2026-08-19,19,CG01,Washington Square,Wednesday,19,22,110
2026-08-19,19,CG02,Midtown,Wednesday,22,27,135
2026-08-19,19,CG03,Union Square,Wednesday,15,18,90
2026-08-19,19,CG04,Brooklyn Heights,Wednesday,8,12,60
2026-08-20,19,CG01,Washington Square,Thursday,22,27,135
2026-08-20,19,CG02,Midtown,Thursday,16,22,110
2026-08-20,19,CG03,Union Square,Thursday,9,15,75
2026-08-20,19,CG04,Brooklyn Heights,Thursday,10,12,60
2026-08-21,19,CG01,Washington Square,Friday,15,18,90
2026-08-21,19,CG02,Midtown,Friday,19,25,125
2026-08-21,19,CG03,Union Square,Friday,16,17,85
2026-08-21,19,CG04,Brooklyn Heights,Friday,11,16,80
2026-08-22,19,CG01,Washington Square,Saturday,12,16,80
2026-08-22,19,CG02,Midtown,Saturday,8,8,40
2026-08-22,19,CG03,Union Square,Saturday,15,17,85
2026-08-22,19,CG04,Brooklyn Heights,Saturday,17,20,100
2026-08-23,19,CG01,Washington Square,Sunday,15,15,75
2026-08-23,19,CG02,Midtown,Sunday,6,8,40
2026-08-23,19,CG03,Union Square,Sunday,13,17,85
2026-08-23,19,CG04,Brooklyn Heights,Sunday,13,16,80
2026-08-24,20,CG01,Washington Square,Monday,19,25,125
2026-08-24,20,CG02,Midtown,Monday,26,29,145
2026-08-24,20,CG03,Union Square,Monday,14,19,95
2026-08-24,20,CG04,Brooklyn Heights,Monday,11,12,60
2026-08-25,20,CG01,Washington Square,Tuesday,26,26,130
2026-08-25,20,CG02,Midtown,Tuesday,22,31,155
2026-08-25,20,CG03,Union Square,Tuesday,14,20,100
2026-08-25,20,CG04,Brooklyn Heights,Tuesday,9,13,65
2026-08-26,20,CG01,Washington Square,Wednesday,18,20,100
2026-08-26,20,CG02,Midtown,Wednesday,19,25,125
2026-08-26,20,CG03,Union Square,Wednesday,16,20,100
2026-08-26,20,CG04,Brooklyn Heights,Wednesday,6,9,45
2026-08-27,20,CG01,Washington Square,Thursday,21,22,110
2026-08-27,20,CG02,Midtown,Thursday,17,22,110
2026-08-27,20,CG03,Union Square,Thursday,13,14,70
2026-08-27,20,CG04,Brooklyn Heights,Thursday,8,11,55
2026-08-28,20,CG01,Washington Square,Friday,22,25,125
2026-08-28,20,CG02,Midtown,Friday,18,24,120
2026-08-28,20,CG03,Union Square,Friday,13,16,80
2026-08-28,20,CG04,Brooklyn Heights,Friday,10,14,70
2026-08-29,20,CG01,Washington Square,Saturday,15,16,80
2026-08-29,20,CG02,Midtown,Saturday,6,9,45
2026-08-29,20,CG03,Union Square,Saturday,17,23,115
2026-08-29,20,CG04,Brooklyn Heights,Saturday,13,16,80
2026-08-30,20,CG01,Washington Square,Sunday,12,14,70
2026-08-30,20,CG02,Midtown,Sunday,6,9,45
2026-08-30,20,CG03,Union Square,Sunday,13,13,65
2026-08-30,20,CG04,Brooklyn Heights,Sunday,9,15,75
2026-08-31,21,CG01,Washington Square,Monday,24,26,130
2026-08-31,21,CG02,Midtown,Monday,37,40,200
2026-08-31,21,CG03,Union Square,Monday,21,23,115
2026-08-31,21,CG04,Brooklyn Heights,Monday,14,18,90
2026-09-01,21,CG01,Washington Square,Tuesday,23,31,155
2026-09-01,21,CG02,Midtown,Tuesday,33,38,190
2026-09-01,21,CG03,Union Square,Tuesday,14,20,100
2026-09-01,21,CG04,Brooklyn Heights,Tuesday,9,13,65
2026-09-02,21,CG01,Washington Square,Wednesday,31,33,165
2026-09-02,21,CG02,Midtown,Wednesday,24,31,155
2026-09-02,21,CG03,Union Square,Wednesday,18,26,130
2026-09-02,21,CG04,Brooklyn Heights,Wednesday,11,13,65
2026-09-03,21,CG01,Washington Square,Thursday,35,37,185
2026-09-03,21,CG02,Midtown,Thursday,21,27,135
2026-09-03,21,CG03,Union Square,Thursday,20,24,120
2026-09-03,21,CG04,Brooklyn Heights,Thursday,14,20,100
2026-09-04,21,CG01,Washington Square,Friday,31,33,165
2026-09-04,21,CG02,Midtown,Friday,30,34,170
2026-09-04,21,CG03,Union Square,Friday,21,24,120
2026-09-04,21,CG04,Brooklyn Heights,Friday,10,15,75
2026-09-05,21,CG01,Washington Square,Saturday,23,27,135
2026-09-05,21,CG02,Midtown,Saturday,8,11,55
2026-09-05,21,CG03,Union Square,Saturday,15,21,105
2026-09-05,21,CG04,Brooklyn Heights,Saturday,22,30,150
2026-09-06,21,CG01,Washington Square,Sunday,15,18,90
2026-09-06,21,CG02,Midtown,Sunday,8,11,55
2026-09-06,21,CG03,Union Square,Sunday,19,20,100
2026-09-06,21,CG04,Brooklyn Heights,Sunday,17,24,120
2026-09-07,22,CG01,Washington Square,Monday,21,23,115
2026-09-07,22,CG02,Midtown,Monday,20,26,130
2026-09-07,22,CG03,Union Square,Monday,16,18,90
2026-09-07,22,CG04,Brooklyn Heights,Monday,7,10,50
2026-09-08,22,CG01,Washington Square,Tuesday,23,26,130
2026-09-08,22,CG02,Midtown,Tuesday,15,21,105
2026-09-08,22,CG03,Union Square,Tuesday,13,15,75
2026-09-08,22,CG04,Brooklyn Heights,Tuesday,9,13,65
2026-09-09,22,CG01,Washington Square,Wednesday,22,28,140
2026-09-09,22,CG02,Midtown,Wednesday,15,19,95
2026-09-09,22,CG03,Union Square,Wednesday,11,16,80
2026-09-09,22,CG04,Brooklyn Heights,Wednesday,7,13,65
2026-09-10,22,CG01,Washington Square,Thursday,25,29,145
2026-09-10,22,CG02,Midtown,Thursday,20,24,120
2026-09-10,22,CG03,Union Square,Thursday,17,20,100
2026-09-10,22,CG04,Brooklyn Heights,Thursday,9,13,65
2026-09-11,22,CG01,Washington Square,Friday,17,19,95
2026-09-11,22,CG02,Midtown,Friday,20,23,115
2026-09-11,22,CG03,Union Square,Friday,17,19,95
2026-09-11,22,CG04,Brooklyn Heights,Friday,11,13,65
2026-09-12,22,CG01,Washington Square,Saturday,16,17,85
2026-09-12,22,CG02,Midtown,Saturday,7,10,50
2026-09-12,22,CG03,Union Square,Saturday,17,20,100
2026-09-12,22,CG04,Brooklyn Heights,Saturday,15,20,100
2026-09-13,22,CG01,Washington Square,Sunday,12,12,60
2026-09-13,22,CG02,Midtown,Sunday,6,8,40
2026-09-13,22,CG03,Union Square,Sunday,12,14,70
2026-09-13,22,CG04,Brooklyn Heights,Sunday,13,17,85
2026-09-14,23,CG01,Washington Square,Monday,21,27,135
2026-09-14,23,CG02,Midtown,Monday,18,23,115
2026-09-14,23,CG03,Union Square,Monday,11,14,70
2026-09-14,23,CG04,Brooklyn Heights,Monday,8,9,45
2026-09-15,23,CG01,Washington Square,Tuesday,21,26,130
2026-09-15,23,CG02,Midtown,Tuesday,21,28,140
2026-09-15,23,CG03,Union Square,Tuesday,14,17,85
2026-09-15,23,CG04,Brooklyn Heights,Tuesday,8,10,50
2026-09-16,23,CG01,Washington Square,Wednesday,18,20,100
2026-09-16,23,CG02,Midtown,Wednesday,18,27,135
2026-09-16,23,CG03,Union Square,Wednesday,14,14,70
2026-09-16,23,CG04,Brooklyn Heights,Wednesday,9,12,60
2026-09-17,23,CG01,Washington Square,Thursday,22,24,120
2026-09-17,23,CG02,Midtown,Thursday,23,30,150
2026-09-17,23,CG03,Union Square,Thursday,14,17,85
2026-09-17,23,CG04,Brooklyn Heights,Thursday,10,12,60
2026-09-18,23,CG01,Washington Square,Friday,19,24,120
2026-09-18,23,CG02,Midtown,Friday,20,23,115
2026-09-18,23,CG03,Union Square,Friday,18,22,110
2026-09-18,23,CG04,Brooklyn Heights,Friday,12,16,80
2026-09-19,23,CG01,Washington Square,Saturday,10,15,75
2026-09-19,23,CG02,Midtown,Saturday,9,10,50
2026-09-19,23,CG03,Union Square,Saturday,18,22,110
2026-09-19,23,CG04,Brooklyn Heights,Saturday,13,20,100
2026-09-20,23,CG01,Washington Square,Sunday,12,14,70
2026-09-20,23,CG02,Midtown,Sunday,7,9,45
2026-09-20,23,CG03,Union Square,Sunday,13,18,90
2026-09-20,23,CG04,Brooklyn Heights,Sunday,13,21,105
2026-09-21,24,CG01,Washington Square,Monday,21,28,140
2026-09-21,24,CG02,Midtown,Monday,17,23,115
2026-09-21,24,CG03,Union Square,Monday,14,17,85
2026-09-21,24,CG04,Brooklyn Heights,Monday,11,13,65
2026-09-22,24,CG01,Washington Square,Tuesday,26,32,160
2026-09-22,24,CG02,Midtown,Tuesday,22,26,130
2026-09-22,24,CG03,Union Square,Tuesday,14,18,90
2026-09-22,24,CG04,Brooklyn Heights,Tuesday,10,13,65
2026-09-23,24,CG01,Washington Square,Wednesday,27,31,155
2026-09-23,24,CG02,Midtown,Wednesday,23,27,135
2026-09-23,24,CG03,Union Square,Wednesday,18,23,115
2026-09-23,24,CG04,Brooklyn Heights,Wednesday,11,16,80
2026-09-24,24,CG01,Washington Square,Thursday,19,27,135
2026-09-24,24,CG02,Midtown,Thursday,17,24,120
2026-09-24,24,CG03,Union Square,Thursday,13,17,85
2026-09-24,24,CG04,Brooklyn Heights,Thursday,9,11,55
2026-09-25,24,CG01,Washington Square,Friday,19,24,120
2026-09-25,24,CG02,Midtown,Friday,22,27,135
2026-09-25,24,CG03,Union Square,Friday,12,17,85
2026-09-25,24,CG04,Brooklyn Heights,Friday,9,13,65
2026-09-26,24,CG01,Washington Square,Saturday,15,16,80
2026-09-26,24,CG02,Midtown,Saturday,8,12,60
2026-09-26,24,CG03,Union Square,Saturday,15,17,85
2026-09-26,24,CG04,Brooklyn Heights,Saturday,20,24,120
2026-09-27,24,CG01,Washington Square,Sunday,12,15,75
2026-09-27,24,CG02,Midtown,Sunday,5,7,35
2026-09-27,24,CG03,Union Square,Sunday,12,14,70
2026-09-27,24,CG04,Brooklyn Heights,Sunday,13,16,80
