EmailID,Exclamation,Dollar,Spam
1,0.369,0.109,Yes
2,0.347,0,Yes
3,0.123,0.278,Yes
4,0,0.21,Yes
5,1.272,0.254,Yes
6,0.976,0.397,Yes
7,0,0.21,Yes
8,0.441,0,Yes
9,0.157,0.105,Yes
10,0.548,0.199,Yes
11,1.25,0.5,Yes
12,0,0.5,Yes
13,0.374,0.059,Yes
14,0.485,0.388,Yes
15,0.087,0,Yes
16,0.82,0.41,Yes
17,1.021,0.291,Yes
18,0.353,0.254,Yes
19,0.96,0.128,Yes
20,0.329,0.141,Yes
21,0,0,No
22,0,0,No
23,0,0,No
24,0,0,No
25,0,0,No
26,0,0,No
27,0,0,No
28,0,0,No
29,0,0,No
30,0,0,No
31,0,0,No
32,0.06,0.053,No
33,0.111,0,No
34,0,0,No
35,0,0,No
36,0,0,No
37,0.129,0,No
38,0,0,No
39,0,0,No
40,0,0,No
41,0,0,No
42,0,0.023,No
43,0.68,0,No
44,0,0.123,No
45,0.186,0,No
46,0,0.008,No
47,0.08,0,Yes
48,0,0,No
49,0.34,0,Yes
50,0.327,0,Yes
51,0.252,0.05,Yes
52,0.007,0.099,Yes
53,0,0,No
54,0.094,0,No
55,0.899,0.105,Yes
56,0.161,0.161,Yes
57,0,0,No
58,0.165,0.082,Yes
59,0,0,No
60,0,0,No
61,0.453,0.543,Yes
62,0,0.078,No
63,0,0,No
64,0,0.141,No
65,0.309,0,No
66,0.458,2.33,Yes
67,0,0,No
68,0.101,0.202,Yes
69,0.054,0,No
70,0.345,0.515,Yes
71,0,0,No
72,0.355,0.118,Yes
73,0,0.031,No
74,0.396,0,No
75,0.145,0,No
76,0,0,No
77,0.586,0.189,Yes
78,1.169,0,Yes
79,0,0,No
80,0.045,0,No
81,0.102,0,No
82,0,0,No
83,0.021,0,No
84,0,0,No
85,0,0,No
86,0.215,0.431,Yes
87,0,0,No
88,0.119,0,No
89,0,0,No
90,0,0,No
91,0,0,No
92,2.205,0,Yes
93,0,0,No
94,0,0,No
95,0,0,No
96,0,0,No
97,0.091,0,Yes
98,0.12,0,No
99,0,0.016,No
100,0.127,0,No
101,0,0,No
102,0.203,0,Yes
103,0.149,0.131,Yes
104,0.662,0,Yes
105,0,0,No
106,0.238,0,No
107,0.022,0,No
108,0.239,0.239,Yes
109,0.432,0.432,Yes
110,0.356,0.101,Yes
111,0,0,No
112,0,0,No
113,0.609,0.121,Yes
114,1.706,0.2,Yes
115,0.74,0,No
116,0.436,0,No
117,0,0,No
118,0,0,No
119,0,0,No
120,0.449,0.265,Yes
121,0,0,No
122,0.109,0,No
123,0,0,No
124,0,0,No
125,0,0,Yes
126,0.322,0.764,Yes
127,1.275,0.141,Yes
128,0.558,0.024,Yes
129,0,0,No
130,0.433,0.529,Yes
131,0.042,0.042,Yes
132,0.096,0.085,Yes
133,0.898,0.105,Yes
134,0,0,No
135,0.054,0.118,Yes
136,0,0,Yes
137,0,0,No
138,0,0,Yes
139,0,0,No
140,0.455,0,Yes
141,0,0,No
142,0,0,No
143,0,0,No
144,0,0,No
145,0,0,No
146,0,0.763,No
147,0.016,0.065,Yes
148,0,0,No
149,0,0,No
150,0,0,No
151,0.645,0,No
152,0,0,No
153,0,0,No
154,0.572,0,Yes
155,0.24,0,No
156,0.109,0,Yes
157,0.278,0.23,Yes
158,0.954,0,No
159,0,0.157,Yes
160,0,0,No
161,0,0,No
162,0,0,No
163,0,0,No
164,0,0,No
165,0,0,No
166,0.537,0,Yes
167,0.663,0.132,Yes
168,0,0,No
169,0,0,Yes
170,0,0,No
171,0,0,No
172,0,0,No
173,0,0,No
174,0,0,No
175,0.233,0,Yes
176,0,0,No
177,0,0,No
178,0,0,No
179,0,0,No
180,0,0,No
181,0.574,0,Yes
182,0.105,0.21,Yes
183,0,0,No
184,0.515,0.103,Yes
185,0.217,0,No
186,0,0,No
187,0.394,0,Yes
188,0.55,0.082,Yes
189,0.077,0,Yes
190,0,0,No
191,0,0.034,No
192,0,0,No
193,0.705,0.211,Yes
194,0,0,No
195,0.041,0.124,Yes
196,0.682,0.341,Yes
197,0,0,No
198,0.126,0,No
199,0.711,0,Yes
200,0,0,No
201,0,0,No
202,0.479,0,Yes
203,0,0,No
204,0,0,No
205,0,0,Yes
206,0.048,0,No
207,0,0,Yes
208,0,0.016,No
209,0.188,0,No
210,0.271,0.191,Yes
211,0.063,0.126,Yes
212,0,0,No
213,0,0,No
214,0,0,Yes
215,0,0,No
216,0,0,Yes
217,0,0,No
218,0.055,0,No
219,0,0,Yes
220,0.158,0.063,Yes
221,0,0,No
222,0.018,0,No
223,0,0,No
224,0.181,0,No
225,0,0,No
226,0.309,0,Yes
227,0.77,0,Yes
228,0,0,No
229,0.253,0,No
230,0,0,No
231,0,0,No
232,1.194,0.054,Yes
233,0,0.005,No
234,0,0,No
235,0.203,0.61,Yes
236,0,0,No
237,0.749,0.31,Yes
238,0.151,0.302,Yes
239,1.326,0,Yes
240,1.939,0,Yes
241,0.74,0,No
242,0.056,0,No
243,0,0,No
244,0,0,No
245,0,0,No
246,2.413,0,Yes
247,0,0,No
248,0,0,No
249,0,0,No
250,0,0,No
251,0.254,0,No
252,0,0.108,No
253,1.631,0.244,Yes
254,0.242,0.03,Yes
255,1.18,0.252,Yes
256,0.435,0.932,Yes
257,0.559,0.279,Yes
258,0,0,No
259,0,0.177,Yes
260,1.246,0.196,Yes
261,0,0,No
262,0,0.086,No
263,0,0,No
264,0,0,No
265,0.01,0.169,Yes
266,0,0,No
267,0,0,No
268,0.463,0,Yes
269,0.371,0,No
270,0.39,0.097,Yes
271,0.075,0.075,No
272,0,0,No
273,0.134,0,Yes
274,0.251,0,No
275,0,0,No
276,0.029,0.029,No
277,0,0,Yes
278,0.374,0,No
279,0.235,0.235,Yes
280,0.559,0,Yes
281,0.084,0.761,Yes
282,0.925,0.231,Yes
283,0.286,0,No
284,0.124,0,Yes
285,0.073,0,No
286,0.612,0.531,Yes
287,0.175,0,No
288,1.234,0,No
289,0.109,0.054,No
290,0.5,0,Yes
291,0.046,0,Yes
292,0.583,0,Yes
293,0,0.157,Yes
294,0,0,No
295,0.104,0,No
296,0.031,1.269,Yes
297,0.563,0.15,Yes
298,0,0,No
299,0,0,No
300,0.036,0.184,Yes
301,0,0,No
302,0.019,0.058,Yes
303,0,0,No
304,0.348,0,Yes
305,0,0.044,No
306,0,0,No
307,0,0,No
308,0,0.26,No
309,0,0.117,No
310,0,0,No
311,0,0.161,No
312,0.233,0.233,Yes
313,0.204,0.127,Yes
314,0.042,0.042,No
315,0.611,0.264,Yes
316,0,0,No
317,0,0,No
318,0,0.212,Yes
319,0,0.087,No
320,0.365,0.182,Yes
321,0,0,No
322,0,0,No
323,0.081,0.816,Yes
324,0,0,No
325,0.307,0.175,Yes
326,0.225,0,Yes
327,3.571,0,Yes
328,0.139,0,No
329,0,0,No
330,0,0,No
331,1.478,0,Yes
332,0.09,0,No
333,0.49,0.158,Yes
334,0,0,No
335,0.532,0,Yes
336,0.893,0,Yes
337,0.371,0,Yes
338,0,0,No
339,0.709,0,Yes
340,0.414,0.021,Yes
341,0,0,Yes
342,0.099,0,No
343,0,0,Yes
344,0.078,0,No
345,0,0,No
346,0,0.069,No
347,0,0,No
348,0,0,No
349,0,0,No
350,0.406,0,No
351,0.801,0,Yes
352,0.249,0.305,Yes
353,0,0,No
354,0.263,0.263,Yes
355,0.129,0,No
356,0.247,0.049,No
357,0,0,No
358,0,0,No
359,0,0.021,No
360,0,0.066,No
361,0.692,0,No
362,0,0.024,No
363,0,0,Yes
364,0,0,No
365,0,0,No
366,0.14,0,No
367,0,0,No
368,0,0,No
369,0.196,0,No
370,1.429,0.095,Yes
371,0,0,No
372,0,0.041,No
373,0.6,0.429,Yes
374,0.164,0,Yes
375,0.491,0.158,Yes
376,0,0,No
377,0.083,0,No
378,0,0,No
379,0,0,No
380,0.601,0.12,Yes
381,1.647,0,Yes
382,0.078,0,No
383,0,0,No
384,0.064,0,No
385,0.072,0.108,Yes
386,0,0,No
387,0.079,0,No
388,0,0,No
389,0,0,No
390,0.845,0.255,Yes
391,0.112,0,No
392,0.64,0.192,Yes
393,0.433,0.928,Yes
394,0,0,No
395,0.03,0,No
396,0,0,No
397,0.062,0.046,No
398,0.091,0,No
399,0.906,0.663,Yes
400,0,0,No
401,0,0,No
402,0,0,No
403,1.417,0,Yes
404,0,0,Yes
405,0,0,No
406,0,0,No
407,0,0,No
408,0,0,No
409,0,0,No
410,1.806,0,Yes
411,0,0,No
412,0,0.724,No
413,0.276,0.83,Yes
414,0.142,0.5,Yes
415,0,0,No
416,0.261,0.065,No
417,0,0,No
418,0,0,No
419,0,0,No
420,0,0,No
421,0.2,0,Yes
422,1.131,0.15,Yes
423,0,0,No
424,0,0.038,No
425,0.186,0,No
426,0.056,0.094,Yes
427,0,0,No
428,0,0,No
429,0.8,0.266,Yes
430,0,0.365,No
431,0,0,No
432,0,0,No
433,0,0.211,Yes
434,0.02,0,No
435,0,0,No
436,0,0.028,No
437,0.616,0,Yes
438,0,0,No
439,0.116,0.116,Yes
440,0.537,0,Yes
441,0,0.039,No
442,0,0.021,No
443,0.42,0.114,Yes
444,0.405,0.233,Yes
445,0.111,0.223,No
446,0.129,0,Yes
447,0.969,0,Yes
448,0.139,0,No
449,0.326,0,Yes
450,1.135,0.349,Yes
451,0.683,0,Yes
452,0,0,No
453,0.372,0,No
454,1.003,0.215,Yes
455,0.051,0,No
456,1.113,0.278,Yes
457,0,0,No
458,0,0.086,Yes
459,0.366,0.061,Yes
460,0,0,Yes
461,0,0,No
462,0.53,0.132,Yes
463,0,0,No
464,0,0,No
465,0.087,0,No
466,0,0,No
467,0.563,0.165,Yes
468,0,0.019,No
469,0,0.016,No
470,0,0,No
471,1.001,0,Yes
472,0.27,0,No
473,0,0,No
474,1.315,0,No
475,0,0,No
476,0,0,No
477,0.259,0,No
478,0.348,0,No
479,0,0,Yes
480,0.352,0.02,Yes
481,0.585,0.046,Yes
482,1.294,0.182,Yes
483,0.343,0.141,Yes
484,1.254,0.221,Yes
485,0,0,No
486,0,0,Yes
487,0,0,No
488,0,0,No
489,5.828,1.308,Yes
490,0.251,0.251,Yes
491,0.102,0.224,Yes
492,0.595,0,No
493,0.406,0.038,Yes
494,0,0,No
495,0.13,0.168,Yes
496,0.444,0.37,Yes
497,0.368,0,Yes
498,0,0,No
499,0.079,0.106,Yes
500,0.269,0,Yes
501,0.281,0,No
502,0.045,0,No
503,0.103,0,No
504,0,0,No
505,2.453,0,Yes
506,0,0,No
507,0,0,No
508,0,0,No
509,0,0,No
510,0,0,No
511,0.153,0,Yes
512,0,0.053,No
513,0.942,0,Yes
514,0.427,0.142,Yes
515,0.701,0.35,Yes
516,0,0,No
517,0,0,No
518,0.16,0.16,Yes
519,0.181,0,No
520,0.063,0,No
521,0.171,0,No
522,0,0,No
523,0.207,0.207,Yes
524,0.193,0,Yes
525,1.218,0.261,Yes
526,0.487,0,Yes
527,0.232,0,No
528,0,0,No
529,0,0,No
530,0.51,0.34,Yes
531,0.125,0,No
532,0.273,0.364,Yes
533,0,0.267,Yes
534,0.598,0.179,Yes
535,0,0,No
536,0,0,No
537,0.265,0.088,Yes
538,0,0,No
539,0.268,0,Yes
540,0.855,0.794,Yes
541,1.096,0.109,Yes
542,0,0.016,No
543,0.619,0.103,Yes
544,0,0,No
545,0.769,0,No
546,0,0,No
547,1.336,0,Yes
548,0.128,0,No
549,0.102,0,No
550,0,0,No
551,0,0,No
552,0.293,0,Yes
553,0,0,No
554,5.555,0,Yes
555,1.284,0,Yes
556,0,0.151,Yes
557,0,0,No
558,0,0,No
559,0,0,No
560,0.372,0.223,No
561,0,0,No
562,0.127,0.182,Yes
563,0,0,No
564,0,0,Yes
565,0.613,0,No
566,0.826,0.745,Yes
567,0.056,0.075,No
568,0,0,No
569,0.606,0,Yes
570,0.282,0.242,No
571,0,0.027,Yes
572,0,0,Yes
573,0.892,0,Yes
574,0,0,No
575,0,0,No
576,0.334,0.133,Yes
577,0,0,No
578,0,0,No
579,0,1.219,Yes
580,0,0,No
581,0,0,No
582,0.461,0.527,Yes
583,0.261,0.294,Yes
584,0,0,No
585,0,0,No
586,0.117,0.058,Yes
587,0.05,0,No
588,0,0,No
589,0,0,No
590,0,0,No
591,0,0,No
592,1.053,0.351,Yes
593,0,0,No
594,0,0.338,Yes
595,0,0,No
596,0,0,No
597,0.24,0,No
598,0.038,0.061,No
599,0,0,No
600,0,0,No
601,0.01,0.167,Yes
602,0,0,No
603,0.565,0,Yes
604,0,0,No
605,0.792,0.339,Yes
606,0,0,No
607,1.385,0,Yes
608,0,0,No
609,0.093,0,No
610,0.277,0,No
611,0.341,0.085,Yes
612,0.221,0.665,Yes
613,0,0,No
614,0,0.46,No
615,0.422,0.634,Yes
616,0.28,0.186,Yes
617,0,0,No
618,0,0,No
619,0.209,0.209,Yes
620,0,0,No
621,1.156,0.192,No
622,0,0,No
623,0.102,0.205,Yes
624,0.055,0,No
625,0.774,0,Yes
626,0,0.016,No
627,0.05,0.05,No
628,0,0,No
629,0.257,0.032,Yes
630,0,0,No
631,0.095,0.475,Yes
632,0,0,No
633,0,0,No
634,0,0,No
635,0,0,No
636,0,0,No
637,0.925,0,No
638,0,0,No
639,0.189,0,Yes
640,0.114,0,No
641,0,0,Yes
642,0.274,0,Yes
643,1.098,0,Yes
644,0,0,No
645,0,0,No
646,0,0,No
647,0,0,No
648,0.305,0.381,No
649,1.147,0.045,Yes
650,0,0,No
651,0,0,No
652,0,0,No
653,0.39,0.438,Yes
654,0,0,No
655,0,0.188,Yes
656,0,0,No
657,0.079,0,No
658,0.218,0,Yes
659,0,0,No
660,0,0,No
661,0,0,No
662,0.056,0,No
663,0,0,No
664,0.222,0,Yes
665,0,0,No
666,0,0,No
667,0,0,No
668,0.056,0.196,Yes
669,0.567,0,Yes
670,0,0,No
671,0.298,0,Yes
672,0,0,Yes
673,0.081,0,No
674,0.487,0,Yes
675,0,0,No
676,0,0,No
677,1.248,0.197,Yes
678,0,0.043,No
679,0,0,No
680,0.403,0,Yes
681,0,0,No
682,0,0,No
683,0,0,Yes
684,0,0,Yes
685,0.241,0.06,Yes
686,0,0,No
687,0.979,0,Yes
688,0.094,0.473,Yes
689,0.355,0.118,Yes
690,1.765,0.481,Yes
691,0.199,0,Yes
692,0,0,No
693,1.363,0,Yes
694,0.329,0.78,Yes
695,0.751,0.255,Yes
696,0.02,0,No
697,0.862,0,No
698,0,0,No
699,0,0,No
700,0.514,0,No
701,0,0,No
702,0.488,0,Yes
703,0,0,No
704,0,0,No
705,0.067,0.135,Yes
706,0,0,No
707,0,0,No
708,0,0,No
709,0.107,0,Yes
710,0,0,No
711,0,0,No
712,0.322,0.094,Yes
713,0,0,No
714,0,0,No
715,0,0,No
716,0,0,Yes
717,0.022,0.044,No
718,0,0,No
719,0,0,No
720,0,0,No
721,0.18,0,Yes
722,0,0,No
723,0.902,0.106,Yes
724,0.384,0.182,Yes
725,0.336,0.16,Yes
726,0.537,0,Yes
727,0.294,0,No
728,0.056,0,No
729,0.216,0,No
730,0.442,0,No
731,0.039,0,No
732,0.558,0.279,Yes
733,0,0,No
734,0,0,Yes
735,0.331,0,No
736,0,0,No
737,0,0,No
738,0.831,0.338,Yes
739,0.49,0,No
740,0,0,No
741,0,0,No
742,0.462,0.37,Yes
743,0.565,0.121,Yes
744,0,0,No
745,0,0,No
746,0.61,0,Yes
747,0,0,No
748,0.122,0.285,No
749,0,0,No
750,0.331,0,No
751,0,0,No
752,0,0,No
753,0,0,Yes
754,0,0,No
755,0,0,No
756,0,0,No
757,0,0,No
758,0.431,0.111,Yes
759,0,0,No
760,0,0.1,No
761,0,0,Yes
762,0,0,No
763,0.261,0,Yes
764,0.138,0,No
765,0.472,0.092,Yes
766,0,0,No
767,0.097,0,No
768,0.273,0.15,Yes
769,0.394,0.114,Yes
770,0.298,0.597,Yes
771,0.144,0.288,Yes
772,0.444,0,No
773,0,0,No
774,0,0.063,No
775,0.291,0,Yes
776,0.444,0.37,Yes
777,0,0,No
778,0.666,0,No
779,0,0,No
780,0.024,0,No
781,1.023,1.023,Yes
782,0.135,0,Yes
783,0.195,0,No
784,0,0,No
785,0.159,0,No
786,0.063,0,No
787,1.524,0,Yes
788,0,0.142,No
789,1.947,0,Yes
790,0.171,0.171,Yes
791,0,0,No
792,0,0,No
793,0,0,No
794,0.478,0,Yes
795,0,0,No
796,0,0,No
797,0.5,0.333,Yes
798,0.169,0.169,No
799,0.147,0,No
800,0.022,0.045,No
801,0,0.04,Yes
802,0,0,No
803,0.606,0,Yes
804,0.955,0,No
805,0.498,0.332,Yes
806,0,0,No
807,0,0.024,No
808,0.08,0,No
809,0,0,No
810,0.034,0,Yes
811,0,0,No
812,0.141,0,No
813,0,0,No
814,0,0,No
815,0.246,0.894,Yes
816,0,0,No
817,0.615,0.061,Yes
818,0.75,0.305,Yes
819,0,0,No
820,0,0,No
821,0.667,0,Yes
822,0.01,0.167,Yes
823,0,0,No
824,0.092,0.322,Yes
825,0.381,0.05,Yes
826,0.065,0,Yes
827,0,0,No
828,0.639,0.165,Yes
829,0.412,0.206,Yes
830,0.071,1.212,Yes
831,0.308,0.672,Yes
832,0.424,0,Yes
833,0,0,No
834,0.208,0.626,Yes
835,0,0,No
836,0,0,No
837,0,0,No
838,0,0,No
839,0,0.043,No
840,0,0,No
841,0.824,0,Yes
842,0,0,No
843,0,0,No
844,0.522,0.313,Yes
845,0,0,No
846,0,0.17,Yes
847,0,0,No
848,1.724,0,No
849,0.287,0.223,Yes
850,0,0,No
851,0,0,No
852,0,0,No
853,0.004,0,No
854,0,0,No
855,0,0,No
856,0.773,0,No
857,0.037,0.15,Yes
858,0.168,0,No
859,0.312,0,No
860,0.523,0,No
861,0.513,0.114,Yes
862,0.21,0,Yes
863,0,0,No
864,0.662,0,Yes
865,0.081,0.816,Yes
866,0.061,0,Yes
867,0,0,No
868,0,0,No
869,0,0,No
870,0.662,0,Yes
871,0,0.062,No
872,1.194,0,No
873,0.178,0,No
874,0.103,0,Yes
875,0.16,0,Yes
876,0.379,0.063,Yes
877,0,0,Yes
878,0.196,0,Yes
879,0,0,No
880,0.322,0.626,Yes
881,0.224,0.224,No
882,0,0,No
883,0.319,0.266,Yes
884,0,0,No
885,0,0,No
886,0.101,0.101,Yes
887,0.073,0,No
888,0.198,0,Yes
889,0,0,No
890,0.387,0,No
891,1.212,0,Yes
892,0,0,No
893,0.371,0.061,Yes
894,1.689,0.132,Yes
895,0.069,0,No
896,0,0,No
897,0,0,No
898,0,0,No
899,0,0,No
900,0.669,0.297,Yes
901,0.517,0,Yes
902,0,0,No
903,0,0,No
904,0.432,0.18,Yes
905,0,0,Yes
906,0,0,No
907,0.204,0,Yes
908,0.033,0,Yes
909,0,0,No
910,0,0,No
911,0.232,0.232,Yes
912,0.077,0,No
913,0,0,No
914,0,0,No
915,0,0,No
916,0,0,No
917,0.109,0.763,Yes
918,0,0,No
919,0.167,0,No
920,0.31,0,Yes
921,0,0,No
922,1.096,0,Yes
923,0,0,No
924,0,0,No
925,0,0,No
926,1.143,0.519,Yes
927,0,0,No
928,0.147,0,No
929,0,0,No
930,0,0,No
931,0.638,0.165,Yes
932,0.663,0,Yes
933,0,0,No
934,0.029,0.014,Yes
935,0.438,0.191,Yes
936,0,0,No
937,0,0.079,No
938,0,0,No
939,0.736,0,Yes
940,0.03,0.015,Yes
941,0,0,No
942,0,0,No
943,0.729,0.121,Yes
944,0,0.087,No
945,0.296,0,No
946,0.52,0.13,Yes
947,0,0,No
948,0,0,No
949,0.413,0,No
950,0,0,No
951,0.23,0.23,Yes
952,0,0,Yes
953,0,0,No
954,0.448,0,No
955,0.199,0,Yes
956,0.179,0,No
957,0.198,0,No
958,0,0,No
959,0,0,No
960,0,0,No
961,3.768,0,Yes
962,0.095,0.013,Yes
963,0.396,0,Yes
964,0.328,0,Yes
965,0,0,No
966,5.803,1.284,Yes
967,0.379,0.136,Yes
968,0.125,0,Yes
969,0.778,0,Yes
970,0.045,0,No
971,0,0,No
972,0,0,No
973,0,0,No
974,0,0,No
975,0.061,0.061,Yes
976,0.036,0.184,Yes
977,0,0.009,No
978,0,0,No
979,0,0,No
980,0,0.109,No
981,0,0,No
982,0,0,No
983,0.287,0.107,Yes
984,0.644,0.161,Yes
985,1.438,0,No
986,0.361,0,Yes
987,0,0,No
988,0,0,No
989,0.114,0,No
990,0.176,0.176,Yes
991,0.028,0,No
992,0.052,0,No
993,0,0,Yes
994,0.6,0.3,Yes
995,0.847,0.077,Yes
996,0.042,0,No
997,0,0,No
998,1.052,0,No
999,0.282,0,No
1000,0.05,0.609,Yes
1001,0.443,0.088,Yes
1002,0.128,0,Yes
1003,0,0,No
1004,0,0,Yes
1005,0,0,No
1006,0,0,No
1007,0.122,0.061,No
1008,0,0,Yes
1009,0,0,Yes
1010,0,0,No
1011,0,0,Yes
1012,0.37,0.061,Yes
1013,0.242,0.107,Yes
1014,0.17,0,Yes
1015,0,0,No
1016,0,0,No
1017,0,0,No
1018,0.037,0,No
1019,0,0.063,Yes
1020,0,0,No
1021,0,0,No
1022,0,0,No
1023,0.633,0,No
1024,0.391,0.13,Yes
1025,0,0,No
1026,0.873,0,Yes
1027,0.31,0,Yes
1028,0,0,Yes
1029,0.551,0.459,Yes
1030,0.118,0,Yes
1031,0.029,0,No
1032,0.36,0.524,Yes
1033,0.425,0.141,Yes
1034,0,0,No
1035,0.444,0.25,Yes
1036,0.021,0.063,No
1037,0.924,0,Yes
1038,0.613,0,No
1039,3.076,0,Yes
1040,0.371,0.061,Yes
1041,0,0,No
1042,0.279,0,No
1043,0,0,Yes
1044,0,0,No
1045,0,0,No
1046,0,0,Yes
1047,0,0,No
1048,0,0.125,No
1049,0,0,No
1050,0.186,0.186,Yes
1051,0.486,0.243,Yes
1052,0,0,No
1053,0.241,0.107,Yes
1054,0.036,0.184,Yes
1055,0,0,No
1056,0,0,No
1057,0,0,No
1058,0,0,No
1059,0,0.719,No
1060,0.615,0,Yes
1061,0.741,0.306,Yes
1062,0.391,0.868,Yes
1063,0.514,0.434,Yes
1064,0,0,No
1065,0,0,Yes
1066,0.289,0,No
1067,0,0,Yes
1068,0,0,No
1069,0.421,0.252,Yes
1070,0.297,0,Yes
1071,0,0,No
1072,0.334,0.175,Yes
1073,0.802,0,Yes
1074,0,0,No
1075,0,0,Yes
1076,0.087,0,No
1077,0.052,0.105,Yes
1078,0.262,0,No
1079,0,0,No
1080,0,0.053,Yes
1081,0,0,No
1082,0,0,No
1083,0,0,No
1084,0,0,No
1085,0,0.35,Yes
1086,0.09,0,No
1087,0,0,No
1088,0.206,0.309,Yes
1089,0,0,No
1090,0,0,No
1091,0.176,0.352,Yes
1092,0.487,0,No
1093,0.315,0.035,Yes
1094,0,0,No
1095,0.484,0.08,Yes
1096,1.687,0.168,Yes
1097,0,0,No
1098,0,0,No
1099,0,0,No
1100,0.301,0,Yes
1101,0,0,No
1102,0,0,Yes
1103,0.834,0,Yes
1104,0,0,No
1105,0.408,0.408,Yes
1106,0,0,No
1107,0.063,0.126,No
1108,0,0,No
1109,1.798,0,No
1110,0.518,0.157,Yes
1111,0,0.03,No
1112,0,0,No
1113,0,0,No
1114,0.148,0.029,No
1115,0.797,0.885,Yes
1116,0.636,0,Yes
1117,0,0.141,No
1118,0,0,No
1119,0,0,Yes
1120,0,0,No
1121,0,0,No
1122,0,0,No
1123,0,0,No
1124,0,0,No
1125,0,0,No
1126,0.306,0,No
1127,0.218,0.218,Yes
1128,0,0.1,Yes
1129,0,0,No
1130,2.894,0.868,Yes
1131,0.408,0.118,Yes
1132,0.699,0,Yes
1133,0,0,No
1134,0.192,0,No
1135,0,0,No
1136,0,0,Yes
1137,0,0,No
1138,0,0.857,No
1139,0.06,0.06,Yes
1140,0,0,No
1141,0,0,No
1142,0,0,No
1143,0,0,No
1144,0,0,No
1145,0,0,No
1146,0,0,No
1147,0.339,0,No
1148,0.438,0.191,Yes
1149,0.15,0,No
1150,0.218,0,No
1151,0.143,0,No
1152,0,0.123,Yes
1153,1.765,0,Yes
1154,0,0,No
1155,0.388,0.048,Yes
1156,0.138,0.138,Yes
1157,1.179,0.117,Yes
1158,0,0,Yes
1159,0,0.014,No
1160,0.798,0.159,No
1161,0,0,No
1162,0,0,Yes
1163,1.075,0,No
1164,2.865,0.301,Yes
1165,1.005,0.059,Yes
1166,0.334,0,Yes
1167,0.593,0.217,Yes
1168,0,0,No
1169,0,0,No
1170,0,0,No
1171,1.055,0,Yes
1172,0,0,No
1173,0.248,0.049,Yes
1174,0.259,0.259,Yes
1175,0,0.185,Yes
1176,0,0.862,Yes
1177,0,0,No
1178,0.358,0.261,Yes
1179,1.007,0,Yes
1180,0,0,No
1181,0.412,0.222,Yes
1182,0.133,0,No
1183,1.088,0,Yes
1184,0.163,1.305,Yes
1185,0,0,No
1186,0,0,No
1187,0,0,No
1188,0.62,0,No
1189,0,0,No
1190,0.581,0,No
1191,0,0,Yes
1192,0,0,No
1193,0.072,0,Yes
1194,0.215,0,Yes
1195,0.48,0.549,Yes
1196,0.095,0,Yes
1197,0,0,No
1198,0.225,0,Yes
1199,2.395,0.598,Yes
1200,0,0,No
1201,0,0.01,No
1202,1.36,0,Yes
1203,1.326,0,Yes
1204,0,0,No
1205,0.573,0,Yes
1206,0,0,No
1207,0,0,No
1208,0.817,0,No
1209,0,0,No
1210,0,0,No
1211,0.49,0.158,Yes
1212,0,0,No
1213,0.639,0.165,Yes
1214,0,0,No
1215,0.224,0.056,Yes
1216,0.043,0,No
1217,0,0,No
1218,0.208,0,No
1219,1.413,0,Yes
1220,0.149,0,No
1221,0,0,No
1222,0,0,Yes
1223,0,0,No
1224,0,0,No
1225,0,0,No
1226,0,0.018,No
1227,0,0,No
1228,0,0,No
1229,7.707,0,No
1230,0.729,0,No
1231,0,0,No
1232,0,0,No
1233,0,0,No
1234,0,0,No
1235,0.313,0.313,No
1236,0,0,No
1237,1.554,0,Yes
1238,0,0.213,Yes
1239,0.159,0.159,Yes
1240,3.571,0,No
1241,0,0,No
1242,1.405,0,Yes
1243,0.116,0,No
1244,0,0,No
1245,0,0.105,No
1246,0,0,No
1247,0.112,0.336,Yes
1248,0,0,No
1249,0.238,0,Yes
1250,0.488,0.157,Yes
1251,0.071,0,No
1252,0,0,Yes
1253,0.234,0.234,Yes
1254,0,0,No
1255,0.666,0,No
1256,1.434,0,Yes
1257,0,0,No
1258,0.119,0.059,No
1259,0,0,No
1260,0,0,No
1261,0,0,No
1262,0,0,No
1263,0.084,0,No
1264,0,0,No
1265,0,0,No
1266,0,0,No
1267,0,0,No
1268,0.386,0,No
1269,0,0,No
1270,0.659,0.114,Yes
1271,0.48,0,No
1272,0.072,0.289,Yes
1273,0,0,No
1274,0.314,0,No
1275,0,0,No
1276,0.881,0,Yes
1277,0.263,0,No
1278,0.107,0,No
1279,0,0,No
1280,0.034,0.019,Yes
1281,0,0,No
1282,0.355,0,No
1283,0,0,No
1284,0,0,No
1285,0.633,0.063,Yes
1286,0,0,No
1287,0.285,0,No
1288,0,0,No
1289,0,0.183,Yes
1290,0.217,0,Yes
1291,0,0,No
1292,0.215,0.431,Yes
1293,0.144,0,No
1294,0,0.028,No
1295,0,0,No
1296,0.415,0,Yes
1297,0.689,0,No
1298,0,0,No
1299,1.316,0.177,Yes
1300,0.041,0,No
1301,0.024,0,No
1302,0,0,No
1303,0,0,No
1304,0,0,No
1305,0.638,0,Yes
1306,0,0,No
1307,0.023,0,No
1308,0,0,No
1309,0,0.204,Yes
1310,0,0,No
1311,0.181,0,No
1312,0,0,No
1313,0,0,No
1314,0.102,0.716,Yes
1315,0,0,No
1316,0.451,0.496,Yes
1317,0.435,0.118,Yes
1318,0.01,0.169,Yes
1319,0.01,0.167,Yes
1320,0,0,No
1321,1.182,0.253,Yes
1322,0,0,No
1323,0,0,No
1324,0.25,0.046,Yes
1325,0,0,No
1326,0.404,0.233,Yes
1327,0.376,0,No
1328,0.508,0.169,Yes
1329,0,0,No
1330,0,0,No
1331,0,0,No
1332,0,0,No
1333,0.203,0,No
1334,0.749,0.31,Yes
1335,0.632,0,No
1336,0,0,No
1337,0,0.031,No
1338,1.282,0.094,Yes
1339,0.105,0.315,Yes
1340,0,0,No
1341,0,0,No
1342,0,0,No
1343,0.072,0.072,No
1344,0,0,No
1345,0.367,0.193,Yes
1346,0.49,0.158,Yes
1347,2.412,0,Yes
1348,0,0,No
1349,0,0.124,No
1350,0.123,0,No
1351,0.391,0,No
1352,0.567,0.024,Yes
1353,0.044,0,No
1354,0.37,0,No
1355,0,0.015,No
1356,0,0,No
1357,0.191,0.383,Yes
1358,0,0,No
1359,0.176,0,Yes
1360,0,0,No
1361,0,0,Yes
1362,0,0,No
1363,1.282,0,No
1364,0,0,No
1365,0.038,0,No
1366,0.7,0,Yes
1367,0,0,No
1368,0,0,No
1369,0,0,No
1370,0,0,No
1371,0,0,No
1372,0,0,No
1373,0.31,0.112,Yes
1374,1.634,0.155,Yes
1375,0,0,No
1376,0.326,0.155,Yes
1377,0,0,No
1378,0,0,No
1379,0.75,0.305,Yes
1380,0,0,No
1381,0.461,0.263,Yes
1382,0.043,0,No
1383,0.097,0,No
1384,0.034,0,No
1385,0.669,0,Yes
1386,0,0,No
1387,0.078,0,No
1388,0.124,0,No
1389,0.476,0,No
1390,0.378,4.017,Yes
1391,1.285,0.075,Yes
1392,0,0,No
1393,0.017,0.068,No
1394,0,0,Yes
1395,0.159,0,No
1396,2.597,0,Yes
1397,0.407,0,Yes
1398,0,0,No
1399,0.348,0.103,Yes
1400,0.542,0.271,Yes
1401,0,0,Yes
1402,0.308,0.067,Yes
1403,0,0,No
1404,0.107,0,No
1405,0.054,0.118,Yes
1406,0.278,0.216,Yes
1407,0.639,0.165,Yes
1408,1.045,0.321,Yes
1409,0.02,0.163,Yes
1410,0,0,No
1411,0.572,0.063,Yes
1412,0,0,No
1413,0,0,No
1414,0,0.108,No
1415,0,0,No
1416,0.396,0.099,Yes
1417,0,0,No
1418,0.613,0.532,Yes
1419,0.262,0,No
1420,0,0,No
1421,0,0.026,No
1422,0,0,Yes
1423,0.724,0,Yes
1424,0,0,Yes
1425,0,0.023,No
1426,0,0.053,No
1427,0,0,No
1428,2.631,0,Yes
1429,0,0,No
1430,0,0.208,Yes
1431,0.05,0,Yes
1432,0,0.354,Yes
1433,0,0.184,Yes
1434,0,0,No
1435,0.125,0,Yes
1436,0,0,No
1437,8.333,0,No
1438,0.099,0.079,Yes
1439,0,0,Yes
1440,0,0,No
1441,0.102,0,No
1442,0,0,No
1443,0.135,0.135,No
1444,0,0,No
1445,0.309,0,Yes
1446,0,0,Yes
1447,0.766,0,No
1448,0,0,No
1449,1.244,0,Yes
1450,0.473,0,No
1451,0.298,0.223,Yes
1452,0.191,0.143,Yes
1453,0,0,No
1454,0.134,0,No
1455,0,0,No
1456,0.564,0,No
1457,0.171,0.085,Yes
1458,0,0,No
1459,0.238,0.238,Yes
1460,0,0.119,Yes
1461,0.394,0.114,Yes
1462,0.288,0.173,Yes
1463,0.081,0.816,Yes
1464,0,0,No
1465,0.859,0.101,Yes
1466,0.519,0,Yes
1467,0.578,0,No
1468,0,0,No
1469,0,0.008,No
1470,0,0,No
1471,0,0,No
1472,0,0,No
1473,0.735,0,No
1474,0,0,No
1475,0.767,0.255,Yes
1476,0.057,0.022,No
1477,0,0.013,No
1478,0,0,No
1479,0,0,No
1480,0.016,0,No
1481,0.709,0.056,Yes
1482,0,0,No
1483,0,0,No
1484,0.044,0.134,No
1485,0.236,0,Yes
1486,0,0,No
1487,0.294,0.147,Yes
1488,0,0,No
1489,0,0,No
1490,0,0,No
1491,0,0,No
1492,0.479,0,Yes
1493,0.203,0,No
1494,0,0.018,No
1495,0,0,No
1496,0.263,0.075,Yes
1497,1.045,0.037,Yes
1498,0,0,No
1499,0,0,No
1500,0.091,0,No
1501,0.392,0.176,Yes
1502,0.975,0.396,Yes
1503,0,0,No
1504,0.404,0.224,Yes
1505,0,0,No
1506,0,0,No
1507,0.387,1.961,Yes
1508,0,0,No
1509,1.183,0.253,Yes
1510,0,0,No
1511,0.493,0.061,Yes
1512,0.167,0,No
1513,0,0,No
1514,0.511,0,Yes
1515,0,0,No
1516,0,0,No
1517,0,0,No
1518,0.285,0,No
1519,1.627,0,Yes
1520,0,0.031,No
1521,0,0.198,Yes
1522,0,0,No
1523,0.693,0.67,Yes
1524,0,0.027,No
1525,0.25,0.046,Yes
1526,0,0,No
1527,0,0,No
1528,0,0.024,No
1529,0,0.045,No
1530,0,0,No
1531,0.347,0,No
1532,0.041,0,No
1533,0,0.054,No
1534,0.134,0,No
1535,0.146,0,Yes
1536,0.482,0.896,Yes
1537,0,0.214,No
1538,0,0,No
1539,0.085,0.057,Yes
1540,0.049,0.147,No
1541,0,0,Yes
1542,0,0,No
1543,0,0,No
1544,0,0,Yes
1545,0.087,0,No
1546,0.162,0,No
1547,2.077,0,Yes
1548,0,0,No
1549,1.149,0,Yes
1550,0,0,No
1551,0.019,0,No
1552,0.111,0,Yes
1553,0,0,No
1554,0,0,No
1555,0,0,No
1556,0,0,Yes
1557,0.165,0,No
1558,0.082,0,No
1559,0,0,No
1560,0,0,No
1561,0.077,0,No
1562,0,0,No
1563,0.034,0,Yes
1564,2.843,0,No
1565,0.204,0.127,Yes
1566,0,0,No
1567,0.031,0,No
1568,0.43,0.43,Yes
1569,0.677,0.254,Yes
1570,0.047,0.028,No
1571,0,0,No
1572,0.467,0,No
1573,0,0,No
1574,0,0.166,Yes
1575,0,0.059,No
1576,0.031,0,No
1577,0.167,0.027,Yes
1578,0,0,No
1579,0.055,0.055,No
1580,0,0,No
1581,0,0,No
1582,0.271,0,No
1583,0,0,No
1584,0.053,0.053,Yes
1585,0,0,No
1586,0,0,No
1587,0.325,0.756,Yes
1588,0.288,0,No
1589,0.457,0,Yes
1590,0,0,No
1591,0,0,No
1592,0,0,No
1593,4.733,0,Yes
1594,0,0,No
1595,0,0,No
1596,0,0,No
1597,0.147,0,Yes
1598,0,0,No
1599,0,0,No
1600,0,0.033,No
1601,0,0,No
1602,0.647,0,Yes
1603,0,0,No
1604,0.1,0.109,No
1605,0.149,0.074,Yes
1606,0,0,No
1607,0,0,Yes
1608,0,0,No
1609,0,0,No
1610,0,0,No
1611,0.276,0,No
1612,0.42,0.191,Yes
1613,0,1.611,Yes
1614,0,0,No
1615,0,0.048,Yes
1616,0.68,0,No
1617,0,0,No
1618,0,0,No
1619,0,0,Yes
1620,0,0,No
1621,0.434,0,Yes
1622,1.16,0.116,Yes
1623,0,0,No
1624,0,0,No
1625,0,0,No
1626,0,0,No
1627,0,0,No
1628,0.496,0,Yes
1629,0.139,0,No
1630,0,0,No
1631,0,0,No
1632,0,0,No
1633,0.49,0.158,Yes
1634,0,0,No
1635,0,0,No
1636,0.381,0.063,Yes
1637,0,0,No
1638,0.151,0,No
1639,0,0.248,Yes
1640,0,0,No
1641,0.983,0.089,Yes
1642,0,0,No
1643,0.238,0.034,Yes
1644,0,0,No
1645,0,0,No
1646,0.099,0,No
1647,0.356,0.118,Yes
1648,0,0.084,No
1649,0,0,No
1650,0,0,No
1651,0.407,0.407,No
1652,0.05,0,No
1653,0,0,No
1654,0.407,0.997,Yes
1655,0.115,0,No
1656,0,0.171,Yes
1657,0,0,No
1658,0,0,No
1659,0.324,0.486,Yes
1660,0,0,No
1661,0,0,No
1662,0,0,Yes
1663,0.31,0.062,Yes
1664,0.33,0,No
1665,0,0.159,Yes
1666,0.135,0,Yes
1667,0.275,0.137,Yes
1668,0.174,0.548,Yes
1669,0.255,0.076,Yes
1670,0.552,0,No
1671,0,0.125,No
1672,0,0,No
1673,0,0,No
1674,0,0,No
1675,0.535,0.133,Yes
1676,0,0,No
1677,0.084,0.336,Yes
1678,0,0.006,No
1679,0,0,No
1680,0.263,0,Yes
1681,0,0.078,No
1682,0,0,No
1683,0,0,No
1684,0,0,No
1685,0.08,0,No
1686,0.457,0,No
1687,0.388,0.236,Yes
1688,0.147,0,No
1689,0,0,No
1690,0.473,0,No
1691,0,0,No
1692,1.443,0,Yes
1693,0.438,0.585,Yes
1694,0,0.163,No
1695,0,0.088,Yes
1696,0.045,0.015,Yes
1697,0,0,No
1698,0,0.013,No
1699,0,0,No
1700,0,0,No
1701,0,0,No
1702,0,0,No
1703,0.487,0,Yes
1704,0,0,No
1705,0.841,0.21,Yes
1706,0,0.071,No
1707,0,0,Yes
1708,0,0,No
1709,0,0,No
1710,0.331,0.79,Yes
1711,5.831,1.309,Yes
1712,0,0,No
1713,0.301,0,No
1714,0,0,No
1715,0.088,0.124,Yes
1716,0,0,No
1717,0,0,No
1718,0,0,No
1719,0,0.197,No
1720,0,0,No
1721,0.305,0.381,No
1722,0.17,0.17,Yes
1723,0.977,0.397,Yes
1724,0,0,No
1725,0.439,0.241,Yes
1726,0,0,No
1727,0.137,0,Yes
1728,0.165,0.082,Yes
1729,0,0.032,Yes
1730,0.055,0.111,Yes
1731,0,0,No
1732,0.239,0.239,Yes
1733,0.414,0,No
1734,0,0,No
1735,0.615,0.025,Yes
1736,0,0,No
1737,0.037,0,Yes
1738,0,0,No
1739,1.718,0.055,Yes
1740,0,0.014,No
1741,0,0.082,Yes
1742,0,0,Yes
1743,0,0.037,No
1744,0.041,0,No
1745,0.171,0.342,Yes
1746,0.135,0,Yes
1747,0.985,0.184,Yes
1748,0,0,No
1749,0,0,No
1750,0,0,No
1751,0,0,No
1752,0.41,0.192,Yes
1753,0,0,No
1754,0.336,0,No
1755,0,0,No
1756,0.294,0.147,Yes
1757,0.552,0.207,Yes
1758,19.131,0,No
1759,0,0,No
1760,0,0,No
1761,0.248,0,No
1762,0,0,No
1763,0,0,No
1764,0,0,No
1765,0.543,0,Yes
1766,0,0,No
1767,0.427,0,Yes
1768,0.996,0.106,Yes
1769,0,0,No
1770,0,0,Yes
1771,0.207,0,No
1772,0,0,No
1773,0,0,No
1774,1.181,0.787,Yes
1775,0,0,No
1776,0,0,No
1777,0,0.166,Yes
1778,0.21,0,Yes
1779,0,0,No
1780,0,0,No
1781,0,0,No
1782,0.759,0,Yes
1783,0.098,0,No
1784,0,0,No
1785,0,0,No
1786,0,0.055,No
1787,0,0,No
1788,0.124,0,Yes
1789,0,0,No
1790,0.89,0.046,Yes
1791,0,0,No
1792,0.392,0,Yes
1793,0,0.692,Yes
1794,0.382,0.223,Yes
1795,0.305,0,Yes
1796,0,0,No
1797,0,0.183,Yes
1798,1.069,0,No
1799,0,0,No
1800,0,0,No
1801,0.517,0.103,Yes
1802,0.131,0.056,Yes
1803,0,0,No
1804,0.179,0.673,Yes
1805,0,0,No
1806,0,0.651,No
1807,0,0,No
1808,0,0,No
1809,0.095,0.478,Yes
1810,0.109,0,No
1811,0,0,No
1812,0,0,No
1813,0,0.167,Yes
1814,0.515,0.957,Yes
1815,1.431,0,Yes
1816,0.107,0.017,Yes
1817,0,0.033,No
1818,0,0,No
1819,0.308,0,No
1820,0,0,No
1821,0.235,0,No
1822,0,0,No
1823,0,0,No
1824,0,0,No
1825,0.424,0.212,Yes
1826,0,0,No
1827,0,0,No
1828,0.653,0,Yes
1829,0.147,0,No
1830,0,0,No
1831,0.065,0,No
1832,0.09,0.09,Yes
1833,0,0,No
1834,0.561,0,No
1835,0.247,0,No
1836,0.144,0,Yes
1837,0.098,0.014,Yes
1838,0,0,No
1839,0.197,0,Yes
1840,0,0,No
1841,0.099,0.014,Yes
1842,0,0,No
1843,0,0,No
1844,0,0,No
1845,0.38,0,Yes
1846,2.143,0.612,Yes
1847,0,0,No
1848,0,0,No
1849,0,0,No
1850,0.338,0,No
1851,0.031,0.039,No
1852,0.542,0,Yes
1853,0,0,No
1854,0,0,No
1855,1.975,0.37,Yes
1856,0.175,0,No
1857,0.123,0,No
1858,0.054,0,No
1859,0,0,No
1860,0.199,0,Yes
1861,0.23,0.23,Yes
1862,0,0,No
1863,0,0.166,Yes
1864,0.06,0,No
1865,0,0,No
1866,0.371,0,No
1867,0.986,0,Yes
1868,0,0,No
1869,0,0,No
1870,0,0,Yes
1871,0.401,0.267,Yes
1872,0,0,No
1873,0.138,0,Yes
1874,0.306,0.102,No
1875,5.942,1.334,Yes
1876,0,0,No
1877,0.218,0,Yes
1878,0,0,No
1879,0.396,0,Yes
1880,0.136,0,No
1881,0,0.219,No
1882,0,0,No
1883,0,0,No
1884,1.154,0.524,Yes
1885,0.546,0,Yes
1886,0,0,No
1887,0.051,0.038,No
1888,0.671,0,Yes
1889,0,0,No
1890,0,0,Yes
1891,0.518,0,Yes
1892,3.26,0,No
1893,0,0,No
1894,1.777,0.222,Yes
1895,0.524,0,Yes
1896,0,0,No
1897,0,0,No
1898,0,0,No
1899,0,0.118,No
1900,0,0,No
1901,0,0,No
1902,0,0.29,Yes
1903,0.392,0.196,Yes
1904,0.291,0,No
1905,0,0.211,Yes
1906,0.268,0.15,Yes
1907,0,0,No
1908,0,0,No
1909,0,0,No
1910,0.433,0.361,Yes
1911,0.694,0,Yes
1912,0.464,0.154,Yes
1913,0.503,0,Yes
1914,0,0,No
1915,0,0,No
1916,0.023,0.047,No
1917,0.018,0,No
1918,0.058,0,No
1919,0.486,0,No
1920,0.148,0,No
1921,0,0,No
1922,0.189,0.189,Yes
1923,0,0,No
1924,0.928,0.384,Yes
1925,0.102,0.259,Yes
1926,0,0,No
1927,5,0,Yes
1928,0,0,No
1929,0.05,0,No
1930,0.336,0.16,Yes
1931,0.596,0,No
1932,0,0,No
1933,0.725,0,No
1934,0,0,No
1935,0,0.231,Yes
1936,0.014,0,No
1937,0,0,No
1938,0,0,No
1939,0.865,0.023,Yes
1940,0,0,No
1941,0,0,No
1942,0.318,0.754,Yes
1943,0,0,No
1944,0,0,No
1945,0,0,No
1946,1.276,0.729,Yes
1947,0,0,No
1948,0.403,0,No
1949,0,0,No
1950,0,0,No
1951,0,0,No
1952,0,0,No
1953,0,0,No
1954,0,0,No
1955,0.417,0.154,Yes
1956,0.604,0.181,Yes
1957,0.432,0,No
1958,0,0.338,Yes
1959,0,0,No
1960,0.16,0.16,Yes
1961,0,0,No
1962,0,0,No
1963,0.875,0.109,Yes
1964,0,0,No
1965,0,0,No
1966,0,0,No
1967,0,0,No
1968,0.729,0,No
1969,0,0,No
1970,0.098,0,No
1971,0,0,No
1972,0,0,Yes
1973,0.278,0,No
1974,0.795,0.217,Yes
1975,0,0.168,Yes
1976,0.327,1.357,Yes
1977,0.193,0,No
1978,0,0,No
1979,0,0,No
1980,0,0,No
1981,1.529,0,Yes
1982,0,0,No
1983,0.073,0.295,Yes
1984,0,0,No
1985,0,0,No
1986,0.591,0,Yes
1987,0,0,No
1988,0,0,No
1989,0,0.029,Yes
1990,0,0,No
1991,0.258,0,Yes
1992,0.028,0.075,No
1993,0,0,No
1994,0,0,No
1995,0,0,No
1996,0.077,0,Yes
1997,0,0,No
1998,0,0,No
1999,0.129,0.194,Yes
2000,0.611,0.014,Yes
2001,0.224,0,Yes
2002,0,0,No
2003,0.604,0.181,Yes
2004,0.234,0,Yes
2005,0,0,Yes
2006,0.364,0.312,Yes
2007,0.145,0.291,Yes
2008,0,0,No
2009,0,0,No
2010,0.458,0.504,Yes
2011,0,0,No
2012,0.074,0,No
2013,0,0,No
2014,0.638,0.174,Yes
2015,0,0,No
2016,0.02,0.163,Yes
2017,0.214,0,No
2018,0,0,No
2019,2.152,0,Yes
2020,0.465,0.271,Yes
2021,0.349,0,Yes
2022,0.044,0.051,No
2023,1.32,0.33,Yes
2024,0.704,0,No
2025,0.192,0,Yes
2026,0,0,No
2027,0,0,No
2028,0,0,No
2029,0,0.162,Yes
2030,0.776,0.129,Yes
2031,0,0,Yes
2032,0,0,No
2033,0,0,No
2034,0.506,0,No
2035,0,0,Yes
2036,0.223,0.223,Yes
2037,0.173,0,No
2038,2.695,0,Yes
2039,0,0.004,No
2040,0.843,0.129,Yes
2041,0,0,No
2042,0.436,0,No
2043,0,0,No
2044,0,0,No
2045,0,0,No
2046,0,0,No
2047,0,0,No
2048,0.088,0,No
2049,0,0,No
2050,0.425,0.573,Yes
2051,0.291,0,Yes
2052,1.663,0.249,Yes
2053,0,0.157,Yes
2054,0.628,0.943,Yes
2055,0.179,0.674,Yes
2056,0.312,0.062,Yes
2057,0,0,No
2058,0,0.302,Yes
2059,0.044,0,No
2060,0,0,No
2061,1.029,0.093,Yes
2062,0.169,0,No
2063,0,0,No
2064,0,0,No
2065,0,0,No
2066,0,0,No
2067,0.558,0,No
2068,0.068,0,No
2069,0,0,No
2070,0.757,0,No
2071,0.055,0,No
2072,0.656,0,No
2073,0.682,0.341,Yes
2074,0.471,0,No
2075,0,0,No
2076,0.216,0,No
2077,0.736,0.256,Yes
2078,0,0,No
2079,0,0,No
2080,0,0,No
2081,0,0,No
2082,0.937,0,Yes
2083,0,0.011,No
2084,0.301,0,No
2085,1.9,0.475,Yes
2086,0,0,No
2087,0,0,No
2088,1.385,0,Yes
2089,0,0,No
2090,0,0,No
2091,0,0,No
2092,0.74,0,Yes
2093,0.105,0,No
2094,0,0,No
2095,0,0,No
2096,0.829,0,Yes
2097,0,0,No
2098,0.074,0,No
2099,0.152,0,Yes
2100,1.123,0,No
2101,0.353,0.254,Yes
2102,0.926,0,Yes
2103,0,0,No
2104,0.146,0.146,Yes
2105,0,0,No
2106,1.566,0.361,Yes
2107,0,0,Yes
2108,0.344,0,No
2109,0,0,No
2110,0,0,Yes
2111,0,0,No
2112,0.661,0.088,Yes
2113,0,0,No
2114,1.431,0.536,Yes
2115,0,0,No
2116,0,0,No
2117,0,0,No
2118,0.082,0,No
2119,3.427,0,Yes
2120,0,0.063,No
2121,0.086,0.086,Yes
2122,0,0,No
2123,0.416,0,Yes
2124,0.48,0.549,Yes
2125,0.209,0,No
2126,0,0,No
2127,0,0,No
2128,0,0,Yes
2129,0.777,0,Yes
2130,0,0.111,Yes
2131,1.027,0.051,No
2132,0.773,0.08,Yes
2133,0,0,No
2134,0.167,0.167,Yes
2135,0.8,0,No
2136,0,0,No
2137,0.271,0.243,Yes
2138,0.715,0.318,Yes
2139,0,0,No
2140,0,0,No
2141,0,0,No
2142,0,0,No
2143,0,0,No
2144,1.118,0.054,Yes
2145,0,0,Yes
2146,0,0,No
2147,0.249,0.031,Yes
2148,0.383,0,No
2149,0.034,0,Yes
2150,0.381,0.496,Yes
2151,0.06,0.045,Yes
2152,0.882,0.189,Yes
2153,0.649,0,Yes
2154,0,0,Yes
2155,0,0,No
2156,0,0,No
2157,0.076,0.101,Yes
2158,0.047,0,No
2159,0.492,0,Yes
2160,0.161,0,No
2161,0,0,No
2162,0.414,0.888,Yes
2163,0.093,0.466,Yes
2164,0.283,0,No
2165,0.114,0,No
2166,0,0,No
2167,0.297,0.156,Yes
2168,0.198,0.099,Yes
2169,0,0,No
2170,0.199,0,Yes
2171,0.294,0.147,Yes
2172,0.862,0.707,Yes
2173,0.31,0.103,No
2174,0.49,0.158,Yes
2175,0,0,No
2176,0,0.094,Yes
2177,0,0,No
2178,0.082,0,No
2179,0.149,0,No
2180,0,0,No
2181,0.02,0.161,Yes
2182,0,0,No
2183,0,0,No
2184,0,0,No
2185,0.179,0,Yes
2186,0,0,No
2187,0,0.136,No
2188,0.376,0,No
2189,0.684,0,Yes
2190,0,0,No
2191,0.874,0,Yes
2192,0.016,0,Yes
2193,0.278,0,Yes
2194,1.3,0.127,Yes
2195,0,0,No
2196,0,0.031,No
2197,0,0,No
2198,0,0,No
2199,0.488,0.244,Yes
2200,0.91,0,No
2201,0,0,No
2202,0,0,No
2203,0,0,No
2204,0.374,0,No
2205,0,0,No
2206,0,0,No
2207,0,0,No
2208,0.095,0.013,Yes
2209,0.278,0,No
2210,0,0,No
2211,0,0,No
2212,0,0,No
2213,0.286,0,Yes
2214,0,0,No
2215,0.214,0,No
2216,0.05,0.075,Yes
2217,0.337,0.141,Yes
2218,0,0,No
2219,0,0,Yes
2220,0,0,No
2221,0.224,0.336,No
2222,0,0,Yes
2223,5.836,1.31,Yes
2224,0.91,0.273,Yes
2225,0.373,0.149,Yes
2226,0,0,No
2227,0.095,0.478,Yes
2228,0,0,No
2229,0,0,No
2230,0,0,No
2231,0.367,0.061,Yes
2232,0,0,No
2233,0,0,No
2234,0,0,Yes
2235,0.502,0.251,Yes
2236,0.128,0,No
2237,2.636,0.683,Yes
2238,0,0,No
2239,0,0,No
2240,0.203,0.203,Yes
2241,0,0,No
2242,0,0,No
2243,0,0,No
2244,0,0.046,No
2245,1.133,0,Yes
2246,0.621,0.799,Yes
2247,0,0.029,No
2248,0.458,0.143,Yes
2249,0.162,0,No
2250,0,0,No
2251,0.063,0.127,Yes
2252,0,0,No
2253,0.426,0.213,Yes
2254,0.495,0,Yes
2255,0.19,0,No
2256,0,0,Yes
2257,0.445,0.979,Yes
2258,0,0,No
2259,0.051,0,No
2260,0,0,No
2261,1.123,0,No
2262,0,0,No
2263,0.21,0.632,Yes
2264,0,0,No
2265,0,0,No
2266,0.233,0,Yes
2267,0.124,0.124,Yes
2268,0.093,0,No
2269,0.212,0.303,Yes
2270,0,0,No
2271,0,0.182,Yes
2272,0.455,0,Yes
2273,0,0,No
2274,0,0,No
2275,0,0,No
2276,1.051,0.225,Yes
2277,0,0,No
2278,0.03,0,Yes
2279,0,0,No
2280,0.09,0,No
2281,0,0,No
2282,0,0,No
2283,5.84,1.311,Yes
2284,0.369,0.109,Yes
2285,0.056,0.056,Yes
2286,1.342,0,No
2287,0.358,0.261,Yes
2288,0,0,No
2289,0.371,0.046,Yes
2290,0,0,No
2291,0.529,0.411,Yes
2292,0,0.215,Yes
2293,0.325,0.523,Yes
2294,0,0,No
2295,0.135,0,No
2296,0,0,No
2297,0.08,0.107,Yes
2298,0.134,0,No
2299,5.78,0,No
2300,0,0,No
2301,0.193,0,No
2302,0.134,0.107,Yes
2303,1.461,0,Yes
2304,0,0,Yes
2305,0.239,0,No
2306,0.765,0.316,Yes
2307,0,0,No
2308,0,0,No
2309,0.167,0,No
2310,0,0,No
2311,0.099,0,No
2312,0,0,No
2313,0.057,0.171,Yes
2314,0,0,No
2315,0,0,No
2316,0.367,0,No
2317,0,0,No
2318,0,0,No
2319,0.606,0.606,Yes
2320,0,0.105,Yes
2321,0.23,0,Yes
2322,0,0,Yes
2323,0.677,0.828,Yes
2324,0,0,No
2325,0,0,No
2326,0.076,0,No
2327,0,0,No
2328,0,0,No
2329,0,0,No
2330,0,0,No
2331,0,0.212,Yes
2332,0.733,0.104,Yes
2333,0,0,No
2334,0,0.158,Yes
2335,0.117,0,Yes
2336,0.336,0,No
2337,0,0.206,Yes
2338,0.241,0,No
2339,0.055,0,No
2340,0,0,No
2341,0,0,Yes
2342,0,0.157,Yes
2343,0.318,0,No
2344,0,0,No
2345,0.059,0,No
2346,0,0,No
2347,0.198,0.596,Yes
2348,0,0,No
2349,0,0.158,Yes
2350,0,0,No
2351,0,0,No
2352,0.17,0.17,Yes
2353,0,0,No
2354,0.44,0,No
2355,0,0,Yes
2356,0.366,0,No
2357,0.31,0.062,Yes
2358,0,0,No
2359,0,0,No
2360,0,0,Yes
2361,0.764,0.784,Yes
2362,0,0,No
2363,0.103,0.051,Yes
2364,0.544,0,Yes
2365,0.037,0,No
2366,0.017,0,No
2367,0.802,0.114,Yes
2368,0,0,No
2369,0,0,No
2370,0,0,No
2371,1.907,0,Yes
2372,0,0,No
2373,0,0,No
2374,0,0,No
2375,0.003,0.003,No
2376,0,0,No
2377,0.404,0,No
2378,4.347,0,Yes
2379,0,0,Yes
2380,0,0,No
2381,0.181,0.203,Yes
2382,0,0,No
2383,0.343,0.171,Yes
2384,0.665,0.083,Yes
2385,0.32,0,No
2386,0,0,No
2387,0,0,No
2388,0,0.036,No
2389,0,0,No
2390,0.334,0,Yes
2391,0,0.613,Yes
2392,0.351,0.175,Yes
2393,0,0,No
2394,0,0,No
2395,0.147,0,No
2396,0,0,No
2397,0,0,No
2398,0.202,1.417,Yes
2399,0,0,Yes
2400,0,0,No
2401,0,0,Yes
2402,0,0.02,No
2403,0,0,No
2404,0,0.129,No
2405,0.013,0,No
2406,0,0,No
2407,0,0,Yes
2408,0,0,No
2409,0.344,0,No
2410,0,0,Yes
2411,0.17,0.341,Yes
2412,0.363,0.535,Yes
2413,0.75,0,Yes
2414,0.591,0,Yes
2415,0.256,0.242,Yes
2416,0,0,No
2417,0.756,0,No
2418,0,0.085,Yes
2419,0,0,Yes
2420,0.12,0.541,Yes
2421,0,0,No
2422,1.008,0.059,Yes
2423,0,0,No
2424,0.24,0.24,Yes
2425,0,0,No
2426,0.523,0,No
2427,0,0,No
2428,0.189,0.141,Yes
2429,0,0,No
2430,0,0,No
2431,0,0,No
2432,0.124,0,Yes
2433,0,0,No
2434,0.558,0.279,Yes
2435,0,0.097,No
2436,0.101,0.222,Yes
2437,0.366,0,Yes
2438,0.104,0.229,Yes
2439,0.25,0.073,Yes
2440,0.586,0,No
2441,0,0,No
2442,0,0.08,No
2443,0.041,0.041,Yes
2444,0.887,0.032,Yes
2445,0,0,No
2446,0,0.169,Yes
2447,0.24,0,No
2448,0,0,No
2449,0.843,0,Yes
2450,0.103,0,No
2451,0,0.158,Yes
2452,0.426,0,Yes
2453,0,0,No
2454,0,0,No
2455,0.222,0,No
2456,0.099,0.079,Yes
2457,0,0,No
2458,0,0,No
2459,0,0,No
2460,0,0,No
2461,0.258,0.032,Yes
2462,0.047,0,No
2463,0.902,0.225,Yes
2464,0,0,Yes
2465,0.072,0,No
2466,0,0,No
2467,1.147,0.191,Yes
2468,0,0,No
2469,0,0,No
2470,0,0,No
2471,0.653,0.118,Yes
2472,0.057,0,No
2473,0,0,No
2474,0,0,No
2475,0,0.054,No
2476,0.033,0.016,No
2477,0.053,0.03,No
2478,0,0,No
2479,2.001,0.093,Yes
2480,1.754,0,Yes
2481,0.085,0.17,Yes
2482,0.069,0,No
2483,0.202,0,Yes
2484,0.952,0,Yes
2485,0.054,0.118,Yes
2486,0.582,0.291,Yes
2487,0,0,No
2488,0,0,Yes
2489,1.235,0,Yes
2490,0.208,0.416,Yes
2491,0.99,0,Yes
2492,0,0,No
2493,0,0,No
2494,0,0,No
2495,1.217,0.347,Yes
2496,0,0,No
2497,1.152,0,Yes
2498,0,0,No
2499,0.403,0.117,Yes
2500,0,0,No
2501,0,0,No
2502,0.484,0,No
2503,0,0.034,No
2504,0,0,Yes
2505,0.346,0.793,Yes
2506,0.123,0,Yes
2507,0.311,0,Yes
2508,0,0.168,Yes
2509,0,0,No
2510,0.041,0.041,No
2511,0.014,0.427,No
2512,0.153,0,Yes
2513,0.169,0,No
2514,0,0,No
2515,0,0.158,No
2516,0,0,No
2517,0.176,0.176,Yes
2518,0,0,No
2519,0,0,No
2520,0,0,No
2521,0,0,No
2522,0,0,No
2523,0,0.008,No
2524,0,0,Yes
2525,0,0,No
2526,0.834,0,Yes
2527,0,0,Yes
2528,0,0,No
2529,0,0,No
2530,0,0,No
2531,0.872,0,Yes
2532,0.146,0,No
2533,0.088,0.353,Yes
2534,0.896,0,Yes
2535,0.693,0,Yes
2536,0.149,0,No
2537,0,0,No
2538,0,0,No
2539,0,0,No
2540,0.263,0,No
2541,0,0,No
2542,7.843,0,Yes
2543,0,0,No
2544,0.095,0.023,Yes
2545,0.403,0.117,Yes
2546,0.331,0,Yes
2547,0.252,0.031,Yes
2548,0.091,0,No
2549,0.284,0.213,No
2550,0.728,0.08,Yes
2551,0,0,No
2552,0,0,No
2553,0,0,No
2554,0.427,0.061,Yes
2555,0,0,No
2556,0.022,0.377,No
2557,0,0,No
2558,0,0,No
2559,0,0,No
2560,0,0,No
2561,0,0,No
2562,1.199,0.505,Yes
2563,2.354,0,Yes
2564,0,0,No
2565,0,0.026,No
2566,0.359,0.403,Yes
2567,0,0.023,No
2568,0,0,No
2569,0,0,No
2570,0,0,No
2571,0,0,No
2572,0,0,No
2573,0,0.019,No
2574,0,0,No
2575,0,0,No
2576,0,0,No
2577,0,0,No
2578,0,0,No
2579,0,0,No
2580,0.398,0,No
2581,0.079,0.105,Yes
2582,0,0,No
2583,0.334,0.139,Yes
2584,0,0.092,Yes
2585,0.225,0.211,Yes
2586,0.779,0.021,Yes
2587,0.056,0,No
2588,0.133,0.041,Yes
2589,0,0,No
2590,0,0,No
2591,0.438,0.191,Yes
2592,0.174,0,No
2593,0.472,0.472,Yes
2594,0,0,No
2595,0,0,No
2596,0,0.171,Yes
2597,0,0,Yes
2598,0.238,0,Yes
2599,0,0.085,No
2600,0.061,0.122,Yes
2601,0.299,0.174,Yes
2602,0,0,No
2603,0,0,No
2604,0.672,0.403,Yes
2605,0,0,No
2606,0.328,0.858,Yes
2607,0.175,0.467,Yes
2608,0,0,Yes
2609,2.443,0,Yes
2610,1.351,0,Yes
2611,0.291,0,Yes
2612,1.542,1.785,Yes
2613,0,0,No
2614,0.769,0,Yes
2615,0.406,0,No
2616,0,0,No
2617,0.048,0.048,No
2618,0,0,No
2619,0,0,No
2620,1.105,0.201,Yes
2621,0.328,0,Yes
2622,0.211,0,No
2623,0,0,No
2624,0.033,0,No
2625,0.13,0,Yes
2626,1.021,0.218,Yes
2627,0.213,1.492,Yes
2628,0,0,No
2629,0,0,No
2630,0,0,No
2631,0,0,No
2632,0,0,No
2633,0,0,No
2634,0.016,0.065,Yes
2635,0.25,0.721,Yes
2636,0.886,0,Yes
2637,1.318,0.068,Yes
2638,0.117,0,No
2639,0,0,Yes
2640,0,0,No
2641,0.265,0.132,Yes
2642,0.337,0.054,Yes
2643,0.471,0,Yes
2644,0,0.601,No
2645,0,0,Yes
2646,0,0,No
2647,0,0,No
2648,0.087,0,No
2649,0.092,0.014,Yes
2650,0,0,Yes
2651,0,0,No
2652,0,0,No
2653,0.441,0,No
2654,0,0.138,No
2655,0,0,No
2656,0.244,0.071,Yes
2657,0,0,No
2658,0.103,0,No
2659,0,0,No
2660,0.106,0,No
2661,0,0,No
2662,0.813,0.036,Yes
2663,0,0,No
2664,0,0,No
2665,0.335,1.281,Yes
2666,0.11,0,No
2667,0,0,No
2668,0,0,No
2669,0,0.015,No
2670,0,0,No
2671,0,0.166,Yes
2672,0.729,0.121,Yes
2673,0,0,No
2674,0.121,0,Yes
2675,0.237,0.031,Yes
2676,0.088,0,Yes
2677,0.028,0.084,Yes
2678,0.543,0.271,Yes
2679,0,0,No
2680,0,0,No
2681,0.074,0,No
2682,0.164,0,No
2683,0.928,0.154,Yes
2684,0.382,0.847,Yes
2685,0.078,0,No
2686,0.414,0,No
2687,0,0,No
2688,0,0,No
2689,0,0.211,No
2690,0.367,0.193,Yes
2691,0.786,0,Yes
2692,5.848,1.313,Yes
2693,0,0,No
2694,0.082,0,No
2695,0.444,0.37,Yes
2696,0.252,0.031,Yes
2697,0.23,0.23,Yes
2698,0,0,No
2699,0.145,0.437,Yes
2700,1.294,0.043,Yes
2701,0,0,No
2702,0.332,0.11,Yes
2703,0.536,0,Yes
2704,0,0,No
2705,0,0,No
2706,0.178,0,No
2707,1.548,0,No
2708,0,0,No
2709,0.076,0.076,No
2710,0.429,0.236,Yes
2711,0.094,0.118,Yes
2712,0,0,No
2713,0,0,No
2714,0,0,No
2715,0,0,No
2716,0,0.302,Yes
2717,0.312,0,No
2718,0,0.03,No
2719,0.977,0.397,Yes
2720,0.335,1.281,Yes
2721,0.921,0.345,Yes
2722,0,0,No
2723,0.313,0,No
2724,0,0,Yes
2725,0.229,0,No
2726,1.501,0,Yes
2727,0.376,0,No
2728,0.207,0.207,Yes
2729,0.502,0.157,Yes
2730,0,0,No
2731,0,0.136,Yes
2732,0,0,No
2733,0.699,0.932,Yes
2734,0,0.057,No
2735,0,0,No
2736,0.043,0,Yes
2737,0,0,Yes
2738,0.149,0,No
2739,0,0,No
2740,0,0,No
2741,0.122,0,No
2742,0,0,No
2743,0,0,No
2744,0,0,No
2745,0,0,No
2746,0,0,No
2747,0.227,0,No
2748,0,0,No
2749,0,0,No
2750,0.126,0,Yes
2751,0,0,No
2752,0.636,0,No
2753,0,0,No
2754,0,0,No
2755,0,0,No
2756,0,0,No
2757,0,0,No
2758,0,0,No
2759,0,1.121,Yes
2760,0.125,0,No
2761,0,0.116,No
2762,2.295,0.218,Yes
2763,0,0,No
2764,0,0.091,Yes
2765,0,0.265,No
2766,0,0.159,Yes
2767,1.089,0.242,Yes
2768,0,0,No
2769,0.028,0.016,No
2770,0,0,No
2771,1.151,0.056,Yes
2772,0,0,No
2773,0.153,0,No
2774,0,0,No
2775,0.108,0,Yes
2776,0.866,0.103,No
2777,0,0,No
2778,1.203,0.467,Yes
2779,0,0,No
2780,0,0,No
2781,0.555,0,Yes
2782,0.309,0.103,Yes
2783,0.437,0.234,Yes
2784,0,0.022,No
2785,0,0,Yes
2786,1.103,0.11,Yes
2787,0.372,0.18,Yes
2788,0.816,0.065,Yes
2789,0,0,No
2790,0.444,0,No
2791,0,0,No
2792,0.082,0,Yes
2793,0,0,No
2794,0,0,No
2795,0.684,0,No
2796,0,0,No
2797,0,0,No
2798,0.412,0.412,Yes
2799,0.522,0.109,Yes
2800,0.249,0,No
2801,1.008,0.059,Yes
2802,0,0,No
2803,0,0,No
2804,0.402,0.402,Yes
2805,0,0,No
2806,0,0,No
2807,0.36,0.03,Yes
2808,0.165,0.165,Yes
2809,0.477,0,Yes
2810,0,0,No
2811,1.116,0.111,Yes
2812,0.099,0.014,Yes
2813,0.304,0,No
2814,0,0,No
2815,0.101,0.304,Yes
2816,0,0,No
2817,0,0,No
2818,0.823,0,Yes
2819,0,0,No
2820,0,0,No
2821,0,0,No
2822,0,0.04,No
2823,0.324,0,No
2824,0,0,No
2825,0.492,0.338,Yes
2826,0,0,No
2827,0,0,No
2828,1.466,0.258,Yes
2829,0.816,0.068,Yes
2830,0.505,0,No
2831,0,0,No
2832,0.006,0.065,Yes
2833,0.502,0,No
2834,0.244,0.081,Yes
2835,0,0,No
2836,2.224,1.223,Yes
2837,0,0,No
2838,0,0,No
2839,0,0,No
2840,0.223,0.223,Yes
2841,0.421,0.21,Yes
2842,0,0,No
2843,0.068,0,No
2844,0,0,Yes
2845,0.809,0,Yes
2846,0,0,No
2847,0,0,No
2848,0,0,Yes
2849,0.474,0.197,Yes
2850,0.142,0.071,No
2851,0.559,0.047,Yes
2852,0,0.011,No
2853,0.501,0.3,Yes
2854,0.701,0.116,Yes
2855,0,0,No
2856,0,0,No
2857,0,0,No
2858,0.188,0,No
2859,0.394,0.114,Yes
2860,0,0.025,No
2861,0.327,0,No
2862,0.022,0.058,No
2863,0.028,0.084,No
2864,0.01,0.167,Yes
2865,0.069,0.221,Yes
2866,0.684,0,No
2867,0.234,0,No
2868,0.787,0,No
2869,0.421,0,Yes
2870,0.016,0,Yes
2871,0,0,No
2872,0.422,0,No
2873,9.575,0,No
2874,0.034,0,Yes
2875,0.07,0,No
2876,0,0,No
2877,0.486,0.347,Yes
2878,0,0,No
2879,0.397,0,Yes
2880,1.191,0.34,Yes
2881,0.071,0.071,No
2882,0.25,0,No
2883,0,0,Yes
2884,0,0,No
2885,0.083,0.05,Yes
2886,0,0.187,Yes
2887,0,0,No
2888,0,0,No
2889,0.531,0,Yes
2890,0.511,0,Yes
2891,0,0,No
2892,2.112,0,Yes
2893,0,0,No
2894,0,0,No
2895,0,0.033,No
2896,0.54,0,No
2897,0.833,0,Yes
2898,0,0.271,Yes
2899,0,0,No
2900,0,0,No
2901,3.588,0,Yes
2902,0.163,0,Yes
2903,0.74,0,No
2904,0.622,0.027,Yes
2905,0,0,No
2906,0.022,0.022,Yes
2907,0,0,No
2908,1.443,0,Yes
2909,0.121,0.121,Yes
2910,0,0,No
2911,0.01,0.161,Yes
2912,2.766,0.829,Yes
2913,0,0,No
2914,0.044,0.026,No
2915,0.406,0.388,Yes
2916,0.724,0,No
2917,0.153,0.153,Yes
2918,0,0,No
2919,0.97,0.149,Yes
2920,1.362,0.037,Yes
2921,0,0,No
2922,0.564,0,No
2923,0.413,0,No
2924,0,0,No
2925,0.027,0.006,No
2926,0,0,No
2927,0,0,No
2928,0,0,No
2929,0.021,0,Yes
2930,0.263,0.105,Yes
2931,0,0.16,No
2932,0,0,No
2933,0.07,0,No
2934,0,0,No
2935,0.045,0,No
2936,0.809,0.809,No
2937,0.785,0,Yes
2938,0,0,No
2939,0.963,0,Yes
2940,0,0.201,Yes
2941,0,0.022,Yes
2942,0,0,No
2943,0.093,0,Yes
2944,0,0,No
2945,0,0,No
2946,0.01,0.167,Yes
2947,0,0.021,No
2948,0.333,0,No
2949,0,0,No
2950,0,0,No
2951,0,0,No
2952,0,0,No
2953,0.53,0.406,Yes
2954,0,0,No
2955,0.045,0.045,Yes
2956,0,0.039,No
2957,0.044,0.132,No
2958,0.589,0.294,Yes
2959,1.118,0.239,Yes
2960,0,0,No
2961,0.537,0,Yes
2962,0,0,No
2963,0.42,0,No
2964,0,0,No
2965,0.368,0.552,Yes
2966,0,0,No
2967,0.19,0.38,Yes
2968,0,0,No
2969,0,0,No
2970,0,0,No
2971,0.904,5.3,Yes
2972,0,0,No
2973,0.435,0.062,Yes
2974,0,0.04,Yes
2975,0.54,0.18,Yes
2976,0,0,No
2977,0.561,0,Yes
2978,0,0,No
2979,0.27,0,Yes
2980,0,0,No
2981,0,0,No
2982,0,0,Yes
2983,0.269,0.08,Yes
2984,0,0,No
2985,0.733,0.104,Yes
2986,0,0,No
2987,0.718,0,Yes
2988,0.262,0.186,Yes
2989,0.613,0.229,Yes
2990,0,0,No
2991,0,0,No
2992,0,0.11,Yes
2993,0,0.036,No
2994,0.082,0,No
2995,0,0,No
2996,0.088,0,Yes
2997,0,0,No
2998,0.185,0.216,Yes
2999,1.739,0.173,Yes
3000,0.25,0.224,Yes
3001,0,0,No
3002,0,0,No
3003,0,0,Yes
3004,3.333,0,Yes
3005,0,0,No
3006,0.74,0,No
3007,0,0,Yes
3008,0.484,0,Yes
3009,0.963,0.113,Yes
3010,0.441,0.421,Yes
3011,0.12,0,No
3012,0,0,No
3013,3.048,0,No
3014,0.574,0.134,Yes
3015,0,0,No
3016,0.478,0.509,Yes
3017,0.503,0.062,Yes
3018,0,0,No
3019,0,0,Yes
3020,0,0,No
3021,0.286,0,No
3022,0.048,0,No
3023,0,0,No
3024,0.324,0,Yes
3025,0,0,No
3026,0,0,No
3027,0,0,No
3028,0,0,No
3029,0,0,No
3030,0,0,No
3031,0,0,Yes
3032,0.034,0.12,Yes
3033,0,0,No
3034,0,0,No
3035,0.408,0.118,Yes
3036,0,0.162,Yes
3037,0,0,No
3038,1.68,0.168,Yes
3039,0,0.265,Yes
3040,0.448,0,No
3041,0.625,0.312,Yes
3042,0,0,No
3043,0,0,No
3044,0,0,No
3045,0,0,No
3046,0,0,No
3047,0,0,No
3048,0.523,0,No
3049,0,0,No
3050,0.936,0,Yes
3051,0,0,No
3052,0,0,No
3053,0,0,No
3054,0,0,No
3055,0,0,No
3056,0.814,0,Yes
3057,0,0,Yes
3058,0,0,No
3059,1.683,0.168,Yes
3060,1.886,0,No
3061,0,0,No
3062,0,0,No
3063,0,0,No
3064,0,0,Yes
3065,0,0,No
3066,0.211,0.74,Yes
3067,0,0,No
3068,0.698,0.067,Yes
3069,0.1,0,No
3070,0,0,No
3071,0,0,No
3072,0,0,No
3073,1.55,0,Yes
3074,0.225,0,No
3075,0.176,0,No
3076,0,0,No
3077,0,0,No
3078,0.07,0.07,Yes
3079,0,0,No
3080,0.235,0.188,Yes
3081,0,0.163,Yes
3082,0.091,0,No
3083,0.094,0,No
3084,0.374,0.062,No
3085,0,0,Yes
3086,0,0.012,No
3087,0,0,No
3088,0.168,0.336,Yes
3089,0,0,No
3090,0,0,Yes
3091,0.764,0,Yes
3092,0,0,No
3093,0,0,No
3094,0,0,No
3095,0,0,No
3096,0.333,0,No
3097,0,0.212,Yes
3098,0,0,No
3099,0.232,0.066,Yes
3100,1.048,0,Yes
3101,0,0,No
3102,0,0,No
3103,0.49,0.158,Yes
3104,0.135,0.067,No
3105,0,0,No
3106,0.878,0.175,Yes
3107,0.055,0.501,Yes
3108,0.486,0,Yes
3109,0.12,0.541,Yes
3110,0.073,0,No
3111,0,0,No
3112,0.471,0,No
3113,0,0,Yes
3114,0.915,0,Yes
3115,0.065,0,No
3116,0,0,No
3117,0.105,0.052,Yes
3118,1.018,0.036,Yes
3119,0.149,0,No
3120,0,0,No
3121,0,0,No
3122,0,0.052,No
3123,0,0,No
3124,0,0,No
3125,0.372,0.159,Yes
3126,0.034,0,Yes
3127,0.089,0.079,Yes
3128,0.215,0,Yes
3129,0.107,0,No
3130,0.26,0,Yes
3131,0,0,No
3132,0,0,No
3133,0,0.01,No
3134,0,0,No
3135,0,0,No
3136,0.257,0.032,Yes
3137,1.939,0,Yes
3138,0.19,0,Yes
3139,0.706,0,Yes
3140,0.523,0.378,Yes
3141,0,0,No
3142,1.083,0.144,Yes
3143,0.012,0.012,No
3144,0.155,0.233,Yes
3145,0,0,No
3146,0,0,No
3147,0,0,No
3148,0.088,0.013,Yes
3149,0.112,0,No
3150,0,0.024,No
3151,0.375,0.034,Yes
3152,0.027,0,No
3153,0.315,0,Yes
3154,0,0,No
3155,0,0,No
3156,0,0,No
3157,0.244,0.39,Yes
3158,0.302,0,No
3159,0.569,0.207,Yes
3160,0,0,No
3161,1.492,0,Yes
3162,0,0,Yes
3163,0.671,0,Yes
3164,0.329,0,No
3165,0,0,No
3166,0,0.199,Yes
3167,1.208,0.259,Yes
3168,0.899,0,Yes
3169,0.161,0,No
3170,0,0,No
3171,7.333,0,Yes
3172,0.204,0.127,Yes
3173,0.238,0,Yes
3174,0,0,Yes
3175,0,0,No
3176,0.392,0.196,Yes
3177,0.054,0,No
3178,0,0,No
3179,0.178,0,Yes
3180,0.408,0,No
3181,0,0,No
3182,1.011,0,Yes
3183,0.01,0.021,No
3184,0.64,0.8,Yes
3185,0.141,0,No
3186,0.909,0,Yes
3187,2.249,1.237,Yes
3188,0,0,No
3189,0,0,No
3190,0,0,No
3191,0.158,0,Yes
3192,0.188,0.112,Yes
3193,0.344,0.172,No
3194,0,0,No
3195,0,0,No
3196,0,0,No
3197,0,0,No
3198,0.376,0.05,Yes
3199,0.819,0,Yes
3200,0,0,No
3201,0,0,No
3202,0.085,0,No
3203,0.594,0,No
3204,0,0,No
3205,0.109,0,Yes
3206,0,0.272,Yes
3207,0.203,0,Yes
3208,0,0.21,Yes
3209,0.145,0.145,Yes
3210,1.599,0.148,Yes
3211,0.862,0.707,Yes
3212,0.029,0.011,Yes
3213,0,0,No
3214,0,0,No
3215,0,0,No
3216,0.546,0,No
3217,0.13,0.173,Yes
3218,0,0,No
3219,0.002,0.005,No
3220,0.06,0,No
3221,0.085,0.128,Yes
3222,0.52,0.289,Yes
3223,0.181,0,No
3224,0,0,Yes
3225,0.238,0.238,Yes
3226,0,0,No
3227,0,0,No
3228,0,0,Yes
3229,0,0.029,No
3230,0.311,0.734,Yes
3231,1.192,0,Yes
3232,0,0,No
3233,0,0,No
3234,1.01,0.397,Yes
3235,0.133,0.066,Yes
3236,0.23,0.23,Yes
3237,0,0,No
3238,0.157,0,No
3239,0.212,0.185,Yes
3240,0.06,0,No
3241,0,0.128,No
3242,0,0,Yes
3243,0,0,No
3244,0,0,Yes
3245,0,0,No
3246,0,0,No
3247,0,0.023,Yes
3248,0.185,0.061,Yes
3249,0,0,No
3250,0.002,0,No
3251,0,0,No
3252,0.663,0,Yes
3253,0.079,0,No
3254,0,0.033,No
3255,0.61,0,Yes
3256,0,0,No
3257,0.163,0.326,Yes
3258,0,0,Yes
3259,0,0,No
3260,0.121,0,Yes
3261,0,0,No
3262,0.164,0.054,Yes
3263,0,0,No
3264,0,0,No
3265,0,0,No
3266,0.612,0.183,Yes
3267,0,0,No
3268,0.17,0,No
3269,0.415,0.138,Yes
3270,0.518,0.162,Yes
3271,0.264,0,Yes
3272,0,0,No
3273,0,0,No
3274,0,0,No
3275,1.023,0.093,Yes
3276,0,0,No
3277,0.26,0.173,Yes
3278,0.361,0.18,No
3279,0,0.211,Yes
3280,0.034,0,Yes
3281,1.687,0.168,Yes
3282,0.213,0,No
3283,0,0,No
3284,0.038,0,No
3285,0,0,No
3286,0.428,0,Yes
3287,0.094,0.189,No
3288,0.277,0,Yes
3289,0,0,No
3290,0.267,0,Yes
3291,0,0,No
3292,0,0,No
3293,0,0,No
3294,0,0,No
3295,0,0.29,Yes
3296,0.475,0,No
3297,0.51,0,Yes
3298,0.539,0.269,Yes
3299,0,0,No
3300,0.257,0,Yes
3301,0,0,No
3302,0,0,No
3303,0.375,0,No
3304,0,0,Yes
3305,0.889,0,Yes
3306,0.176,0,No
3307,0,0,No
3308,1.149,0,No
3309,1.004,0.215,Yes
3310,0,0,No
3311,0.531,0,Yes
3312,0,0,No
3313,0,0,No
3314,0,0,Yes
3315,0,0.013,No
3316,0,0,No
3317,0,0.232,Yes
3318,0,0,No
3319,0.105,0.079,No
3320,0.356,0,Yes
3321,0.434,0.197,Yes
3322,0,0,No
3323,0,0,No
3324,0,0,No
3325,0.834,0.463,Yes
3326,0,0,No
3327,0,0,No
3328,0,0,No
3329,0,0,No
3330,0,0,No
3331,0.062,0,No
3332,0,0,No
3333,0,0,Yes
3334,0,0,No
3335,0.055,0,No
3336,0,0,No
3337,0.281,0,No
3338,0,0.199,Yes
3339,0.048,0,No
3340,0.432,0.135,Yes
3341,0.153,0.128,Yes
3342,0,0,No
3343,0,0,No
3344,0.067,0.135,Yes
3345,0,0,No
3346,0,0.156,Yes
3347,0,0,No
3348,0,0.049,Yes
3349,0.064,0.055,No
3350,0.577,0.216,Yes
3351,0.01,0.162,Yes
3352,0,0.031,No
3353,0.375,0,No
3354,0.133,0,No
3355,1.562,0.36,Yes
3356,0,0,No
3357,0,0.017,No
3358,0,0,No
3359,0,0,No
3360,0.904,5.3,Yes
3361,0.206,0.206,Yes
3362,0,0,No
3363,0.124,0,No
3364,0.19,0.247,Yes
3365,0.026,0,No
3366,0.897,0,Yes
3367,0.237,0,No
3368,0.941,0.067,Yes
3369,0,0,Yes
3370,0.111,0.111,Yes
3371,0.472,0.128,Yes
3372,0.458,0.499,Yes
3373,0,0,No
3374,0,0,No
3375,0.168,0,No
3376,0.107,0.322,Yes
3377,0.064,0.128,Yes
3378,0.312,0.062,Yes
3379,0.367,0.073,Yes
3380,0,0,No
3381,0.393,0,No
3382,0,0,No
3383,0,0,No
3384,0.141,3.305,Yes
3385,0,0,No
3386,0.022,0.022,No
3387,0,0,No
3388,0,0,No
3389,0,0,No
3390,0.169,0.452,Yes
3391,0.01,0.165,Yes
3392,0.266,0,No
3393,0.016,0.066,Yes
3394,0.119,0,No
3395,0.952,0,No
3396,0,0,No
3397,0.444,0,No
3398,0.867,0,Yes
3399,0.026,0,No
3400,0,0,No
3401,0.211,0,Yes
3402,0,0,No
3403,0.49,0.158,Yes
3404,0,0,No
3405,0,0,No
3406,0,0,No
3407,0.048,0.048,No
3408,0,0,No
3409,0,0,No
3410,0,0,No
3411,0,0,Yes
3412,0,0,No
3413,0.336,0.16,Yes
3414,0,0,Yes
3415,0.378,0,Yes
3416,0.456,0.5,Yes
3417,0,0,No
3418,0,0,No
3419,0,0,No
3420,0.675,0,Yes
3421,0,0,No
3422,0.591,0,Yes
3423,0,0,No
3424,0.23,0.134,Yes
3425,0.301,0,Yes
3426,0.13,0.186,Yes
3427,0,0,No
3428,0,0,Yes
3429,0,0,No
3430,0.473,0,No
3431,0.103,0,Yes
3432,2.272,0,No
3433,0.174,0,No
3434,0,0,Yes
3435,0.154,0,No
3436,0,0,No
3437,0.046,0.03,Yes
3438,0.139,0,No
3439,0,0,No
3440,0,0,No
3441,0.014,0.044,No
3442,0.045,0,No
3443,0,0,No
3444,0,0,No
3445,0,0,No
3446,0.83,0.069,Yes
3447,0,0,No
3448,0.238,0,No
3449,1.543,0,Yes
3450,0.105,0,Yes
3451,0,0,Yes
3452,0.356,0.09,Yes
3453,0.048,0.048,Yes
3454,0,0,No
3455,0,0,No
3456,0.807,0,Yes
3457,0,0.16,No
3458,0.309,0,Yes
3459,0.349,0,No
3460,0,0,No
3461,1.836,0,Yes
3462,0.428,0.235,Yes
3463,1.289,0.042,Yes
3464,0.243,0,No
3465,0,0,Yes
3466,0.016,0,No
3467,0,0,No
3468,0.411,0,Yes
3469,0.323,0,Yes
3470,0,0,No
3471,0.185,0,No
3472,0.197,0,No
3473,0,0,No
3474,0,0.069,No
3475,0,0,No
3476,0,0,No
3477,0,0,No
3478,1.085,0.232,Yes
3479,0,0,No
3480,0,0,No
3481,0.01,0.167,Yes
3482,0.142,0.047,Yes
3483,0,0,No
3484,0.464,0,Yes
3485,0.412,0.412,Yes
3486,0,0,No
3487,0.898,0.105,Yes
3488,0.21,0,Yes
3489,0,0.027,No
3490,1.082,0.299,Yes
3491,0,0,No
3492,0,0,No
3493,0.538,0.145,Yes
3494,0,0,No
3495,0.533,0,No
3496,0,0,No
3497,0.037,0.037,No
3498,0,0,No
3499,0,0,No
3500,0,0,No
3501,1.132,0.077,Yes
3502,0.345,0.345,Yes
3503,0,0,No
3504,0,0,No
3505,0.17,0.17,Yes
3506,0,0,No
3507,0,0,No
3508,0,0,No
3509,0,0,Yes
3510,0,0,No
3511,0,0,Yes
3512,0.991,0.39,Yes
3513,0,0,No
3514,0,0,No
3515,0.216,0,No
3516,0.082,0.823,Yes
3517,0,0,No
3518,0.536,0.306,Yes
3519,0,0,No
3520,0.355,0.118,Yes
3521,0.804,0,Yes
3522,0,0,No
3523,0,0.212,Yes
3524,0.563,0,No
3525,0.01,0.169,Yes
3526,0,0,Yes
3527,0.544,0.077,Yes
3528,0,0,No
3529,0.273,0,Yes
3530,0,0,No
3531,0.436,0,No
3532,0,0,No
3533,0.187,0.112,Yes
3534,0.173,0,Yes
3535,0.049,0,No
3536,0,0,No
3537,0.443,0.51,Yes
3538,0.43,0.358,Yes
3539,0.233,0,Yes
3540,0,0,No
3541,0,0,No
3542,1.098,0,No
3543,0.294,0.147,Yes
3544,0,0,No
3545,0.556,0.069,Yes
3546,0,0,No
3547,0.193,0,No
3548,0,0,No
3549,0,0,No
3550,0.345,0.42,Yes
3551,0,0,No
3552,0,0.389,Yes
3553,0.745,0.308,Yes
3554,0.197,0,Yes
3555,0.044,0,Yes
3556,0,0,No
3557,0,0.112,No
3558,1.284,0,Yes
3559,0,0,No
3560,0.489,0.04,Yes
3561,0.845,0.195,Yes
3562,0,0,No
3563,0.858,0.101,Yes
3564,0,0,No
3565,0,0,No
3566,0,0.021,No
3567,0.094,0.015,Yes
3568,0,0,No
3569,0,0,No
3570,1.255,0,Yes
3571,0.23,0,Yes
3572,0.456,0.273,Yes
3573,0,0,No
3574,0,0,No
3575,0,0,No
3576,0,0.032,No
3577,0,0,No
3578,0,0,No
3579,0.352,0.056,Yes
3580,0,0,No
3581,0,0.043,No
3582,0,0,No
3583,0,0,No
3584,0,0,No
3585,0,0,No
3586,0,0,No
3587,0.467,0.233,Yes
3588,0.258,0.258,Yes
3589,0.715,0,Yes
3590,0.035,0.053,No
3591,0,0,No
3592,0,0,No
3593,0.411,0,Yes
3594,0.43,0.134,Yes
3595,0,0,No
3596,1.046,0.037,Yes
3597,0,0,No
3598,0,0,No
3599,0,0,No
3600,0.437,0.191,Yes
3601,0.199,0,Yes
3602,0,0,No
3603,0.276,0.184,Yes
3604,0.554,0.369,Yes
3605,0,0,No
3606,0,0,No
3607,0,0,No
3608,0,0,No
3609,0,0,No
3610,0.178,0,No
3611,1.62,0.347,Yes
3612,0,0,No
3613,0,0,Yes
3614,0.085,0,No
3615,0,0,No
3616,1.098,0,Yes
3617,0.462,0.37,Yes
3618,0,0,No
3619,0.104,0.229,Yes
3620,0.271,0,No
3621,0.601,0.133,Yes
3622,0.564,0,Yes
3623,0,0,No
3624,0,0,No
3625,0,0,No
3626,0.74,0,Yes
3627,0,0,No
3628,1.683,0.168,Yes
3629,0,0,No
3630,0.107,0.017,Yes
3631,0,6.003,Yes
3632,0,0,No
3633,0.242,0,Yes
3634,0.344,0.784,Yes
3635,0.043,0,No
3636,0,0,No
3637,0.392,0,No
3638,0,0,No
3639,0.968,0,Yes
3640,0,0,No
3641,0,0,No
3642,0.087,0,Yes
3643,0,0,No
3644,0,0,No
3645,2.306,0.164,Yes
3646,0.377,0,No
3647,0,0,No
3648,1.949,0,Yes
3649,0.709,0,No
3650,0,0,No
3651,0,0,Yes
3652,0.27,0,No
3653,0.468,0.267,Yes
3654,0.919,0.229,Yes
3655,1.211,0.471,Yes
3656,0.057,0.23,Yes
3657,0,0.439,Yes
3658,0.443,0,Yes
3659,0,0,No
3660,0.615,0.025,Yes
3661,0,0,No
3662,0.11,0,Yes
3663,0.31,0.062,Yes
3664,0.974,0.396,Yes
3665,0,0,Yes
3666,0,0,No
3667,0.239,0,No
3668,0,0,No
3669,0,0,No
3670,0,0,No
3671,0,0,No
3672,0,0,Yes
3673,0.571,0.214,Yes
3674,0,0,Yes
3675,0,0,No
3676,0.129,0.193,Yes
3677,0.754,0.188,Yes
3678,0,0,No
3679,0.149,0.131,Yes
3680,0,0,No
3681,5.054,0,No
3682,0,0,No
3683,0,0,No
3684,0,0.037,No
3685,0.271,0.135,Yes
3686,0.116,0.116,Yes
3687,0.25,0.224,Yes
3688,0.877,0,Yes
3689,0,0.022,Yes
3690,0,0,No
3691,0,0,No
3692,0,0.277,No
3693,0.754,0.681,Yes
3694,0,0,No
3695,0,0,No
3696,0,0.022,No
3697,0,0,No
3698,0.132,0,Yes
3699,0.048,0,No
3700,0.174,0,Yes
3701,0.48,0.48,Yes
3702,0,0,No
3703,0.802,0.267,Yes
3704,0,0,No
3705,0,0,No
3706,0,0,No
3707,0.025,0,No
3708,0,0,No
3709,0.265,0.132,Yes
3710,0.149,0,No
3711,0,0,Yes
3712,0.033,0.033,No
3713,0.067,0.067,Yes
3714,0.438,0.191,Yes
3715,5.213,0.979,Yes
3716,0,0.212,Yes
3717,0,0,No
3718,0,0,No
3719,0,0,No
3720,0.204,0,No
3721,0.057,0.057,Yes
3722,0.225,0.056,Yes
3723,0,0,No
3724,0.435,0.592,Yes
3725,0,0,No
3726,0.053,0,Yes
3727,0,0,No
3728,0.175,0.043,Yes
3729,0.016,0,No
3730,0.192,0,Yes
3731,0,0,Yes
3732,0.357,0,Yes
3733,0.319,0.479,Yes
3734,0,0,No
3735,0,0,No
3736,0,0,No
3737,0,0,No
3738,0,0,No
3739,0,0,No
3740,0.14,0,Yes
3741,0.062,0,No
3742,0,0,No
3743,0,0.014,No
3744,1.799,0.514,Yes
3745,0,0,No
3746,0.588,0.156,Yes
3747,0.177,0.221,Yes
3748,0.439,0.505,Yes
3749,0.191,0.383,Yes
3750,0,0,No
3751,0.049,0,No
3752,0.297,0.156,Yes
3753,0.445,0.519,Yes
3754,0.213,0.113,Yes
3755,0.021,0,No
3756,0.244,0,No
3757,0,0,No
3758,0,0,Yes
3759,0.869,0.186,Yes
3760,0.065,0,No
3761,0,0,Yes
3762,0,0,No
3763,0,0,No
3764,0,0,No
3765,0.413,0.164,Yes
3766,0,0,No
3767,0,0,Yes
3768,0.125,0,No
3769,0,0,No
3770,1.065,0,Yes
3771,0.131,0.071,Yes
3772,0,0,No
3773,0,0,No
3774,0,0,No
3775,0,0,No
3776,0,0,No
3777,0,0,Yes
3778,0,0,No
3779,0.175,0,No
3780,0.709,0,No
3781,0.24,0,No
3782,0,0,No
3783,0,0,No
3784,0.706,0.212,Yes
3785,0.334,0.174,Yes
3786,1.232,0,Yes
3787,0.166,0.083,Yes
3788,0.019,0.009,No
3789,3.448,0,Yes
3790,0,0,No
3791,0,0,No
3792,1.018,0.036,Yes
3793,0.187,0,Yes
3794,0,0.053,No
3795,1.207,0.345,Yes
3796,0.19,0.142,Yes
3797,0.152,0,No
3798,0.269,0,Yes
3799,0.367,0,No
3800,0.237,0.031,Yes
3801,0,0,No
3802,0.13,0,No
3803,0.063,0,No
3804,0,0,No
3805,0,0,No
3806,0,0,No
3807,0.864,0.132,Yes
3808,0,0,No
3809,0.002,0.007,No
3810,0,0,No
3811,0.298,0.149,Yes
3812,0,0,No
3813,0.594,0,Yes
3814,0.054,0.118,Yes
3815,0,0,No
3816,0.271,0.024,Yes
3817,0.305,0,Yes
3818,0,0,No
3819,0,0,No
3820,0.402,0.232,Yes
3821,0,0,No
3822,0.31,0.155,Yes
3823,0,0,No
3824,0,0,No
3825,0.502,0,Yes
3826,0.246,0.03,Yes
3827,0.041,0.041,Yes
3828,0,0,No
3829,0.157,0,No
3830,0,0,No
3831,0.143,0,No
3832,0.014,0,No
3833,0,0,No
3834,0,0,No
3835,0,0,No
3836,0,0,No
3837,0.367,0.061,Yes
3838,0,0,Yes
3839,0,0,No
3840,0,0,No
3841,0,0,No
3842,0,0.017,No
3843,0,0,No
3844,1.13,0.347,Yes
3845,0.063,0,No
3846,0,0,No
3847,0.002,0.09,No
3848,0,0,No
3849,0.273,0,No
3850,0,0,No
3851,0,0,No
3852,0,0,Yes
3853,0.464,0,Yes
3854,0,0.201,Yes
3855,0.616,0,Yes
3856,0,0,No
3857,0.109,0.218,No
3858,0.522,0,Yes
3859,0.225,0,No
3860,0.043,0,No
3861,0,0,No
3862,0,0,No
3863,0,0,No
3864,1.149,0,Yes
3865,0,0,Yes
3866,0.149,0,No
3867,0.672,0.269,Yes
3868,0,0,No
3869,0,0,No
3870,0,0,No
3871,0,0,Yes
3872,1.103,0.133,Yes
3873,0.961,0,No
3874,0,0,No
3875,0,0,No
3876,0.174,0.174,Yes
3877,0.121,0,Yes
3878,0.373,0.196,Yes
3879,0,0,No
3880,0,0,No
3881,0,0,No
3882,0.331,0.11,Yes
3883,1.44,0,Yes
3884,0.145,0.121,Yes
3885,3.851,0,Yes
3886,0.841,0.036,Yes
3887,0,0,No
3888,0,0.159,Yes
3889,0,0,No
3890,0.089,0.178,Yes
3891,0,0,No
3892,0.238,0,No
3893,0,0,No
3894,0,0,No
3895,0.352,0.16,Yes
3896,0.275,0.206,Yes
3897,0,0,No
3898,0,0.161,Yes
3899,0,0,No
3900,0.829,0,Yes
3901,0.518,0,Yes
3902,0,0,No
3903,0,0,No
3904,0.055,0,No
3905,0,0.031,No
3906,0.417,0.208,Yes
3907,0.232,0,No
3908,0,0.016,No
3909,0.082,0.41,Yes
3910,0,0,No
3911,0.443,0.402,Yes
3912,0,0,No
3913,0,0,No
3914,0.339,0.162,Yes
3915,1.344,0,Yes
3916,0.353,0,Yes
3917,0,0,No
3918,0.031,0.056,No
3919,0,0,No
3920,0,0,No
3921,0,0,No
3922,0,0,No
3923,0,0,No
3924,0,0.389,Yes
3925,0.149,0,No
3926,0.271,0,No
3927,0,0,No
3928,0,0.014,No
3929,0,0.665,No
3930,0.125,0,No
3931,0,0,No
3932,0,0,No
3933,0,0.032,No
3934,0,0,Yes
3935,0,0,No
3936,0.759,0.253,Yes
3937,1.158,0.331,Yes
3938,0.134,0,No
3939,0,0,No
3940,0,0.018,No
3941,0.835,0,Yes
3942,0.354,0,Yes
3943,0.151,0,No
3944,0,0.052,No
3945,0,0,No
3946,0,0,No
3947,0.029,0.021,No
3948,0,0.124,No
3949,0,0,No
3950,0.462,0,Yes
3951,0.327,0.327,No
3952,0,0,No
3953,0.072,0,No
3954,0,0,No
3955,0.441,0,Yes
3956,0,0,No
3957,0.061,0,No
3958,0,0,No
3959,0,0,Yes
3960,0.163,0,No
3961,0.27,0,No
3962,0.055,0.496,Yes
3963,0,0,No
3964,0.25,0,No
3965,0.031,0,Yes
3966,0.156,0.104,Yes
3967,0.089,0.079,Yes
3968,0,0,No
3969,0.438,0,No
3970,0,0,No
3971,0.136,0.182,Yes
3972,0,0.163,Yes
3973,0,0,No
3974,0.018,0,No
3975,0,0.016,No
3976,0,0,No
3977,0,0,No
3978,0.292,0,Yes
3979,0,0,No
3980,0,0,No
3981,0,0,No
3982,0.462,0,Yes
3983,0,0,No
3984,0,0,No
3985,0,0,No
3986,0,0,No
3987,0,0,No
3988,1.081,0,Yes
3989,0.497,0.165,Yes
3990,0.265,0,Yes
3991,0,0.069,No
3992,0.212,0,No
3993,0,0,No
3994,0,0,No
3995,0.2,0,No
3996,0.497,0,No
3997,0,0,No
3998,0,0,No
3999,0,0,No
4000,0.495,0,Yes
4001,0.199,0,Yes
4002,0.64,0.256,Yes
4003,0,0,No
4004,0,0,Yes
4005,0,0,No
4006,0,0,No
4007,0,0,No
4008,0,0,Yes
4009,0,0.331,No
4010,0,0,No
4011,0,0,No
4012,0,0,No
4013,0,0,No
4014,0.29,0,Yes
4015,0,0,No
4016,0,0,No
4017,1.111,0,Yes
4018,0.287,0.106,Yes
4019,0.145,0.291,Yes
4020,0,0,No
4021,0.358,0.261,Yes
4022,0,0,No
4023,0,0,No
4024,0,0,No
4025,0,0.043,No
4026,0,0,No
4027,0.156,0,Yes
4028,0,0,No
4029,0,0.095,No
4030,0.165,0,No
4031,0,0,Yes
4032,0.093,0,Yes
4033,0,0,Yes
4034,0,0,No
4035,0,0,No
4036,0,0,No
4037,0,0,No
4038,0.361,0.18,No
4039,0.474,0.152,Yes
4040,32.478,0,No
4041,0,0.055,No
4042,0,0,No
4043,0.454,0.523,Yes
4044,0,0,No
4045,0.184,0,No
4046,0.059,0,No
4047,0,0,No
4048,0.045,0,No
4049,0,0,No
4050,0,0,No
4051,0.253,0.031,Yes
4052,0,0,Yes
4053,0,0,No
4054,0.11,0,Yes
4055,0.207,0.207,Yes
4056,0,0,No
4057,0,0.022,No
4058,0,0.027,Yes
4059,0,0,No
4060,0,0,No
4061,0,0,No
4062,0,0.208,Yes
4063,0,0,No
4064,0,0,No
4065,0.481,0.549,Yes
4066,0,0,No
4067,0.039,0,No
4068,0.768,0.312,Yes
4069,0,0,No
4070,0.487,0,No
4071,0,0,No
4072,0.295,0.107,Yes
4073,0,0.014,No
4074,0.925,0,No
4075,0.068,0,No
4076,0.234,0.029,Yes
4077,0.097,0,No
4078,0.621,0.062,Yes
4079,0.379,0.05,Yes
4080,0,0,No
4081,0.678,1.05,Yes
4082,1.208,0.345,Yes
4083,0,0,No
4084,0.763,0,No
4085,0.548,0.199,Yes
4086,0.241,0.228,Yes
4087,0,0,No
4088,0.08,0,Yes
4089,0.507,0.493,Yes
4090,0,0,No
4091,0,0,No
4092,0,0,No
4093,0,0,Yes
4094,1.336,0,Yes
4095,5.924,1.33,Yes
4096,0,0,No
4097,0.231,0,No
4098,0.486,0.118,Yes
4099,0,0,No
4100,0,0,No
4101,0.132,0,Yes
4102,0,0.353,Yes
4103,0.26,0.086,Yes
4104,0.015,0.041,No
4105,0,0,No
4106,0,0,No
4107,0,0,Yes
4108,0,0,Yes
4109,0,0.246,No
4110,0,0.031,No
4111,0.284,0.094,No
4112,1.529,0,Yes
4113,0,0,No
4114,0,0,No
4115,0.102,0.72,Yes
4116,0,0.215,Yes
4117,0,0,No
4118,0,0,No
4119,0.128,0,No
4120,0,0,No
4121,0.202,0.121,No
4122,0,0,No
4123,0.424,0.424,Yes
4124,0.485,0,No
4125,0.016,0.064,Yes
4126,0,0,No
4127,0,0,No
4128,0.321,0.107,Yes
4129,0,0,No
4130,0,0.665,No
4131,0.352,0,Yes
4132,0,0,No
4133,0,0,No
4134,0.223,0,Yes
4135,0.358,0.188,Yes
4136,0.026,0,No
4137,0,0,No
4138,0,0,No
4139,1.424,0,Yes
4140,0.432,0,No
4141,0.045,0,No
4142,0,0,No
4143,0.546,0,Yes
4144,0,0,No
4145,0,0,No
4146,0.433,0.433,Yes
4147,0.075,0,No
4148,0,0.903,No
4149,0.008,0.005,No
4150,0.047,0.061,No
4151,0,0.044,Yes
4152,0.164,0,No
4153,0,0,Yes
4154,0,0,No
4155,0.067,0,Yes
4156,0.187,0,No
4157,0.552,0,No
4158,0,0,No
4159,0.121,0,Yes
4160,0.113,0,Yes
4161,0,0,No
4162,0.833,0,No
4163,0.057,0,Yes
4164,3.79,0,Yes
4165,0,0,Yes
4166,0.371,0.061,Yes
4167,0.931,0,Yes
4168,0,0.036,No
4169,0,0,No
4170,0.7,0,Yes
4171,0,0,Yes
4172,0.277,0,Yes
4173,0,0,No
4174,0.123,0,Yes
4175,0,0,No
4176,0.488,0.157,Yes
4177,1.626,0.162,Yes
4178,0.369,0,Yes
4179,0.02,0.163,Yes
4180,0,0,No
4181,0.709,0.056,Yes
4182,0,0,No
4183,0.471,0,Yes
4184,0.19,0,Yes
4185,0,0,No
4186,0,0,No
4187,0.13,0.196,Yes
4188,3.907,0,Yes
4189,0.013,0.12,No
4190,0,0,Yes
4191,0.198,0.198,Yes
4192,0,0,No
4193,0.371,0,Yes
4194,0,0,No
4195,0.14,0,Yes
4196,0.398,0,Yes
4197,0.729,0,Yes
4198,0,0,No
4199,2.295,0.698,Yes
4200,0,0,No
4201,0.188,0,No
4202,0.728,0.182,Yes
4203,0.342,0.716,Yes
4204,0,0,No
4205,0,0.011,No
4206,0.082,0.041,Yes
4207,0,0,No
4208,0.093,0,No
4209,0.228,0.228,Yes
4210,0.116,0,No
4211,0,0.197,Yes
4212,0,2.038,No
4213,0,0,No
4214,0,0,No
4215,0,0,No
4216,0,0,No
4217,0,0,No
4218,0,0,No
4219,0.368,0,Yes
4220,0,0,No
4221,0,0,No
4222,0,0,No
4223,0.8,0.177,Yes
4224,0,0,No
4225,0,0,No
4226,0.04,0.04,No
4227,0,0,No
4228,0.105,0.42,Yes
4229,0.878,0.175,Yes
4230,0,0,No
4231,0,0,No
4232,0,0,No
4233,0.653,0,No
4234,0.117,0.117,Yes
4235,0.061,0,Yes
4236,0.275,0,No
4237,0.042,0,No
4238,0.096,0,No
4239,0.26,0,No
4240,0,0,No
4241,0.092,0.014,Yes
4242,0.587,0,Yes
4243,0.268,0.107,Yes
4244,0,0,No
4245,0.211,0,No
4246,0,0,No
4247,0,0,No
4248,0,0,No
4249,0,0,No
4250,0,0,No
4251,0.659,0.114,Yes
4252,0.13,0,Yes
4253,0.02,0,No
4254,0,0,No
4255,0.875,0,Yes
4256,0.178,0,Yes
4257,0.122,0,Yes
4258,0,0,No
4259,0.239,0,No
4260,0,0,Yes
4261,0,0,No
4262,0,0,No
4263,0.327,0,No
4264,0.208,0,No
4265,3.225,0,No
4266,0.364,0.064,Yes
4267,0,0,No
4268,0,0.048,No
4269,0,0,No
4270,1.272,0.254,Yes
4271,0.261,0,Yes
4272,1.434,0,Yes
4273,1.216,0.26,Yes
4274,0,0,No
4275,0.64,0.166,Yes
4276,0,0,No
4277,0.123,0,Yes
4278,0,0,No
4279,0.161,0,No
4280,0.298,0.149,Yes
4281,1.083,0.333,Yes
4282,0.632,0.03,Yes
4283,0,0,No
4284,0,0,No
4285,0,0,No
4286,0.013,0.065,Yes
4287,0,0,No
4288,0.174,0.087,Yes
4289,0.406,0.464,Yes
4290,0,0,No
4291,0,3.125,Yes
4292,0,0,No
4293,0,0,No
4294,0,0,No
4295,0,0,No
4296,0,0,Yes
4297,0.64,0.16,Yes
4298,0.111,0,No
4299,0,0,Yes
4300,1.289,0.151,Yes
4301,0,0.097,Yes
4302,0,0,No
4303,0,0,No
4304,0.645,0.064,Yes
4305,1.16,0,No
4306,0,0,No
4307,0,0,No
4308,0,0,No
4309,0,0.022,Yes
4310,0,0,No
4311,5.844,0,Yes
4312,0.407,0,No
4313,0,0,No
4314,0.159,0,Yes
4315,0,0,No
4316,0.318,0.151,Yes
4317,0,0,No
4318,0.19,0,No
4319,1.174,0.106,Yes
4320,0,0,No
4321,0,0,No
4322,0.093,0,Yes
4323,0.102,0,No
4324,0.033,0.118,Yes
4325,0,0,No
4326,0,0,No
4327,0.448,0,No
4328,1.156,0,No
4329,0.583,0,Yes
4330,0,0,No
4331,0.046,0,Yes
4332,1.562,0,Yes
4333,1.06,0.151,Yes
4334,0.166,0,No
4335,0.21,0,No
4336,0,0.204,No
4337,0.5,0,No
4338,0.159,0,No
4339,0,0,No
4340,0,0.007,No
4341,0,0,No
4342,0.943,0,No
4343,0.418,0.254,Yes
4344,0.6,0.3,Yes
4345,1.458,0,No
4346,0,0.099,Yes
4347,0.045,0.342,Yes
4348,0.241,0.072,Yes
4349,0,0,Yes
4350,0,0,No
4351,0,0,No
4352,0,0,No
4353,0.963,0,Yes
4354,0,0,No
4355,0,0,No
4356,0.537,0,Yes
4357,0,0,No
4358,0.117,0,No
4359,6.387,0,No
4360,0,0,No
4361,0,0,No
4362,0,0,No
4363,0,0,No
4364,0,0,No
4365,0.113,0.265,No
4366,0.052,0,No
4367,0,0.21,Yes
4368,0,0,No
4369,0,0,No
4370,2.362,0,Yes
4371,0,0,No
4372,1.453,0.129,Yes
4373,0.463,0,No
4374,0,0,No
4375,0.37,0.152,Yes
4376,0,0.009,No
4377,0,0,No
4378,0.874,0.051,Yes
4379,0.45,0,No
4380,0.919,0.367,Yes
4381,0,0,No
4382,0.935,0,Yes
4383,1.739,0,No
4384,0.233,0.202,Yes
4385,0,0,No
4386,0,0,No
4387,0.757,0,Yes
4388,0,0,No
4389,0,0,No
4390,0,0,No
4391,0,0,No
4392,0,0,No
4393,1.203,0.467,Yes
4394,0.766,0.317,Yes
4395,0,0.024,No
4396,0.029,0.048,No
4397,0,0,No
4398,0,0,No
4399,0,0,Yes
4400,0.496,0.248,Yes
4401,0,0,No
4402,0,0,No
4403,0.862,0,Yes
4404,0,0,No
4405,0.709,0,No
4406,0.389,0,No
4407,0,0,No
4408,0.019,0.019,Yes
4409,0.089,0,No
4410,0.444,0.37,Yes
4411,0.107,0,No
4412,0,0,Yes
4413,0,0,No
4414,0.546,0,No
4415,0.488,0.157,Yes
4416,0.768,0,Yes
4417,0,0,No
4418,0.177,0,No
4419,1.129,0.483,Yes
4420,0,0,No
4421,0,0,No
4422,0.07,0,No
4423,0.785,0.065,Yes
4424,0.342,0,No
4425,0.441,0.662,Yes
4426,0,0,No
4427,0.061,0,Yes
4428,0.069,0,No
4429,0,0,Yes
4430,0.066,0,No
4431,1.529,0,Yes
4432,0.52,0,Yes
4433,0,0,No
4434,2.115,0.07,Yes
4435,0.175,0,Yes
4436,0.014,0,No
4437,0.055,0,No
4438,0,0,No
4439,0,0,No
4440,0.12,0.541,Yes
4441,0.462,0,Yes
4442,0.511,0,Yes
4443,1.117,0,Yes
4444,0.37,0,Yes
4445,0,0.093,No
4446,0.059,0,No
4447,0,0,No
4448,0,0,No
4449,2.378,0,No
4450,0.072,1.457,Yes
4451,0,0,Yes
4452,0.944,0.145,Yes
4453,0,0,No
4454,0.153,0.128,Yes
4455,0,0,No
4456,0.702,0.263,Yes
4457,1.094,0,Yes
4458,0,0,No
4459,0.287,0,No
4460,0,0,No
4461,1.046,0.037,Yes
4462,0.016,0,No
4463,0,0,No
4464,0.032,0.14,Yes
4465,0,0.166,No
4466,0.176,0,No
4467,0,0.017,No
4468,0,0.63,No
4469,0,0.171,Yes
4470,0,0,Yes
4471,0.542,0,Yes
4472,0,0,No
4473,0,0,No
4474,0,0,No
4475,0.269,0,Yes
4476,1.257,0,Yes
4477,0,0,No
4478,0.537,0,Yes
4479,0,0.038,No
4480,0,0.015,No
4481,0.108,0.013,Yes
4482,0,0,No
4483,0.496,0,Yes
4484,0.353,0,No
4485,0.416,0,Yes
4486,0,0.013,No
4487,1.366,0,Yes
4488,0.438,0.191,Yes
4489,0.035,0.124,Yes
4490,0.182,0.146,Yes
4491,0.061,0,No
4492,0,0,No
4493,0,0,No
4494,1.178,0.107,Yes
4495,0,0.068,Yes
4496,0,0,No
4497,0.119,0.071,Yes
4498,0,0.032,No
4499,0,0,No
4500,0,0,No
4501,0.373,0,No
4502,0.213,0,No
4503,0.042,0,No
4504,0.395,0,Yes
4505,0,0,No
4506,0,0,No
4507,0,0.058,No
4508,0.732,0.753,Yes
4509,0.073,0.146,No
4510,0.225,0,No
4511,0.42,0.046,Yes
4512,0,0,No
4513,0,0,No
4514,0,0,No
4515,0.14,0,Yes
4516,1.633,0.245,Yes
4517,1.306,0.23,Yes
4518,0,0,No
4519,0,0,No
4520,0,0,No
4521,0.452,0.528,Yes
4522,0.125,0,Yes
4523,0,0,No
4524,0,0,No
4525,0,0,No
4526,0,0.349,Yes
4527,0,0,No
4528,0.554,0.221,Yes
4529,0,0.159,No
4530,0,0,No
4531,0.994,0.391,Yes
4532,0,0.005,No
4533,0.555,0,Yes
4534,0,0,No
4535,0.37,0,No
4536,0.285,0,No
4537,0,0,No
4538,0,0,No
4539,0.198,0,Yes
4540,0.102,0,Yes
4541,0.112,0,No
4542,0.112,0.018,Yes
4543,4.347,0,Yes
4544,0,0,No
4545,0,0.017,No
4546,0.353,0,Yes
4547,0.884,0.752,Yes
4548,0,0,No
4549,0,0,No
4550,0.02,0,No
4551,1.529,0,Yes
4552,0,0,No
4553,0,0,No
4554,0.784,0,Yes
4555,0,0,No
4556,1.473,0,Yes
4557,0,0,No
4558,0,0,No
4559,0,0,Yes
4560,0,0,Yes
4561,0,0,No
4562,0,0,No
4563,1.3,0.127,Yes
4564,1.094,0,Yes
4565,0,0,No
4566,0,0,No
4567,0.393,0.145,Yes
4568,0,0,No
4569,0.37,0.205,No
4570,0,0,No
4571,0.056,0,No
4572,0,0,No
4573,0,0,No
4574,0,0,No
4575,0.102,0,No
4576,0,0,No
4577,0.168,0,No
4578,0.11,0,Yes
4579,0,0,No
4580,0.057,0,No
4581,0,0,No
4582,0,0,No
4583,0,0,Yes
4584,0,0,No
4585,0.775,0.224,Yes
4586,0,0.156,Yes
4587,0,0,No
4588,1.086,0,No
4589,0,0,No
4590,0.238,0.059,Yes
4591,0,0,No
4592,0,0,No
4593,0.116,0,No
4594,0.232,0.465,Yes
4595,0.326,0,Yes
4596,1.158,0.057,Yes
4597,0,0,No
4598,0,0,No
4599,0.124,0,Yes
4600,0,0,No
4601,0,0,No
